Using pre-set license
Built from '2021.3/china_unity/release' branch; Version is '2021.3.29f1c1 (0b77087ad835) revision 751368'; Using compiler version '192829333'; Build Type 'Release'
OS: 'Windows 11  (10.0.26200) 64bit Professional' Language: 'zh' Physical Memory: 32536 MB
BatchMode: 1, IsHumanControllingUs: 0, StartBugReporterOnCrash: 0, Is64bit: 1, IsPro: 1

COMMAND LINE ARGUMENTS:
C:\Program Files\Unity\Hub\Editor\2021.3.29f1c1\Editor\Unity.exe
-adb2
-batchMode
-noUpm
-name
AssetImportWorker11
-projectPath
E:/Hersey/CODE/Moonset-Valley
-logFile
Logs/AssetImportWorker11.log
-srvPort
57437
Successfully changed project path to: E:/Hersey/CODE/Moonset-Valley
E:/Hersey/CODE/Moonset-Valley
[UnityMemory] Configuration Parameters - Can be set up in boot.config
    "memorysetup-bucket-allocator-granularity=16"
    "memorysetup-bucket-allocator-bucket-count=8"
    "memorysetup-bucket-allocator-block-size=33554432"
    "memorysetup-bucket-allocator-block-count=8"
    "memorysetup-main-allocator-block-size=16777216"
    "memorysetup-thread-allocator-block-size=16777216"
    "memorysetup-gfx-main-allocator-block-size=16777216"
    "memorysetup-gfx-thread-allocator-block-size=16777216"
    "memorysetup-cache-allocator-block-size=4194304"
    "memorysetup-typetree-allocator-block-size=2097152"
    "memorysetup-profiler-bucket-allocator-granularity=16"
    "memorysetup-profiler-bucket-allocator-bucket-count=8"
    "memorysetup-profiler-bucket-allocator-block-size=33554432"
    "memorysetup-profiler-bucket-allocator-block-count=8"
    "memorysetup-profiler-allocator-block-size=16777216"
    "memorysetup-profiler-editor-allocator-block-size=1048576"
    "memorysetup-temp-allocator-size-main=16777216"
    "memorysetup-job-temp-allocator-block-size=2097152"
    "memorysetup-job-temp-allocator-block-size-background=1048576"
    "memorysetup-job-temp-allocator-reduction-small-platforms=262144"
    "memorysetup-temp-allocator-size-background-worker=32768"
    "memorysetup-temp-allocator-size-job-worker=262144"
    "memorysetup-temp-allocator-size-preload-manager=33554432"
    "memorysetup-temp-allocator-size-nav-mesh-worker=65536"
    "memorysetup-temp-allocator-size-audio-worker=65536"
    "memorysetup-temp-allocator-size-cloud-worker=32768"
    "memorysetup-temp-allocator-size-gi-baking-worker=262144"
    "memorysetup-temp-allocator-size-gfx=262144"
Player connection [24932] Host "[IP] 192.168.1.57 [Port] 0 [Flags] 2 [Guid] 3545845443 [EditorId] 3545845443 [Version] 1048832 [Id] WindowsEditor(7,DESKTOP-3N5T7D2) [Debug] 1 [PackageName] WindowsEditor [ProjectName] Editor" joined multi-casting on [225.0.0.222:54997]...

Player connection [24932] Host "[IP] 192.168.1.57 [Port] 0 [Flags] 2 [Guid] 3545845443 [EditorId] 3545845443 [Version] 1048832 [Id] WindowsEditor(7,DESKTOP-3N5T7D2) [Debug] 1 [PackageName] WindowsEditor [ProjectName] Editor" joined alternative multi-casting on [225.0.0.222:34997]...

AS: AutoStreaming module initializing.
Refreshing native plugins compatible for Editor in 55.07 ms, found 1 plugins.
Preloading 0 native plugins for Editor in 0.00 ms.
Initialize engine version: 2021.3.29f1c1 (0b77087ad835)
[Subsystems] Discovering subsystems at path C:/Program Files/Unity/Hub/Editor/2021.3.29f1c1/Editor/Data/Resources/UnitySubsystems
[Subsystems] Discovering subsystems at path E:/Hersey/CODE/Moonset-Valley/Assets
GfxDevice: creating device client; threaded=0; jobified=0
Direct3D:
    Version:  Direct3D 11.0 [level 11.1]
    Renderer: NVIDIA GeForce RTX 4060 (ID=0x2882)
    Vendor:   NVIDIA
    VRAM:     7957 MB
    Driver:   32.0.15.9186
Initialize mono
Mono path[0] = 'C:/Program Files/Unity/Hub/Editor/2021.3.29f1c1/Editor/Data/Managed'
Mono path[1] = 'C:/Program Files/Unity/Hub/Editor/2021.3.29f1c1/Editor/Data/MonoBleedingEdge/lib/mono/unityjit-win32'
Mono config path = 'C:/Program Files/Unity/Hub/Editor/2021.3.29f1c1/Editor/Data/MonoBleedingEdge/etc'
Using monoOptions --debugger-agent=transport=dt_socket,embedding=1,server=y,suspend=n,address=127.0.0.1:56080
Begin MonoManager ReloadAssembly
Registering precompiled unity dll's ...
Register platform support module: C:/Program Files/Unity/Hub/Editor/2021.3.29f1c1/Editor/Data/PlaybackEngines/WebGLSupport/UnityEditor.WebGL.Extensions.dll
Register platform support module: C:/Program Files/Unity/Hub/Editor/2021.3.29f1c1/Editor/Data/PlaybackEngines/WindowsStandaloneSupport/UnityEditor.WindowsStandalone.Extensions.dll
Registered in 0.005307 seconds.
Native extension for WindowsStandalone target not found
Native extension for WebGL target not found
Refreshing native plugins compatible for Editor in 51.03 ms, found 1 plugins.
Preloading 0 native plugins for Editor in 0.00 ms.
Mono: successfully reloaded assembly
- Completed reload, in  0.480 seconds
Domain Reload Profiling:
	ReloadAssembly (481ms)
		BeginReloadAssembly (71ms)
			ExecutionOrderSort (0ms)
			DisableScriptedObjects (0ms)
			BackupInstance (0ms)
			ReleaseScriptingObjects (0ms)
			CreateAndSetChildDomain (1ms)
		EndReloadAssembly (330ms)
			LoadAssemblies (68ms)
			RebuildTransferFunctionScriptingTraits (0ms)
			SetupTypeCache (75ms)
			ReleaseScriptCaches (0ms)
			RebuildScriptCaches (19ms)
			SetupLoadedEditorAssemblies (192ms)
				LogAssemblyErrors (0ms)
				InitializePlatformSupportModulesInManaged (7ms)
				SetLoadedEditorAssemblies (0ms)
				RefreshPlugins (51ms)
				BeforeProcessingInitializeOnLoad (1ms)
				ProcessInitializeOnLoadAttributes (96ms)
				ProcessInitializeOnLoadMethodAttributes (37ms)
				AfterProcessingInitializeOnLoad (0ms)
				EditorAssembliesLoaded (0ms)
			ExecutionOrderSort2 (0ms)
			AwakeInstancesAfterBackupRestoration (0ms)
Platform modules already initialized, skipping
Registering precompiled user dll's ...
Registered in 0.008891 seconds.
Begin MonoManager ReloadAssembly
Native extension for WindowsStandalone target not found
Native extension for WebGL target not found
Refreshing native plugins compatible for Editor in 51.65 ms, found 1 plugins.
Preloading 0 native plugins for Editor in 0.00 ms.
Mono: successfully reloaded assembly
- Completed reload, in  0.703 seconds
Domain Reload Profiling:
	ReloadAssembly (704ms)
		BeginReloadAssembly (89ms)
			ExecutionOrderSort (0ms)
			DisableScriptedObjects (4ms)
			BackupInstance (0ms)
			ReleaseScriptingObjects (0ms)
			CreateAndSetChildDomain (12ms)
		EndReloadAssembly (530ms)
			LoadAssemblies (65ms)
			RebuildTransferFunctionScriptingTraits (0ms)
			SetupTypeCache (123ms)
			ReleaseScriptCaches (0ms)
			RebuildScriptCaches (35ms)
			SetupLoadedEditorAssemblies (278ms)
				LogAssemblyErrors (0ms)
				InitializePlatformSupportModulesInManaged (5ms)
				SetLoadedEditorAssemblies (0ms)
				RefreshPlugins (52ms)
				BeforeProcessingInitializeOnLoad (55ms)
				ProcessInitializeOnLoadAttributes (109ms)
				ProcessInitializeOnLoadMethodAttributes (50ms)
				AfterProcessingInitializeOnLoad (7ms)
				EditorAssembliesLoaded (0ms)
			ExecutionOrderSort2 (0ms)
			AwakeInstancesAfterBackupRestoration (5ms)
Platform modules already initialized, skipping
========================================================================
Worker process is ready to serve import requests
Launched and connected shader compiler UnityShaderCompiler.exe after 0.03 seconds
Refreshing native plugins compatible for Editor in 0.67 ms, found 1 plugins.
Preloading 0 native plugins for Editor in 0.00 ms.
Unloading 2167 Unused Serialized files (Serialized files now loaded: 0)
Unloading 51 unused Assets / (119.3 KB). Loaded Objects now: 2629.
Memory consumption went from 111.8 MB to 111.7 MB.
Total: 2.067400 ms (FindLiveObjects: 0.107100 ms CreateObjectMapping: 0.034000 ms MarkObjects: 1.852400 ms  DeleteObjects: 0.072900 ms)

AssetImportParameters requested are different than current active one (requested -> active):
  custom:video-decoder-ogg-theora: a1e56fd34408186e4bbccfd4996cb3dc -> 
  custom:container-muxer-webm: aa71ff27fc2769a1b78a27578f13a17b -> 
  custom:container-demuxer-webm: 4f35f7cbe854078d1ac9338744f61a02 -> 
  custom:video-encoder-webm-vp8: eb34c28f22e8b96e1ab97ce403110664 -> 
  custom:CustomObjectIndexerAttribute: bc11b3a6c3213fcdd17b65e7da85e133 -> 
  custom:audio-encoder-webm-vorbis: bf7c407c2cedff20999df2af8eb42d56 -> 
  custom:framework-win-MediaFoundation: 216162199b28c13a410421893ffa2e32 -> 
  custom:container-demuxer-ogg: 62fdf1f143b41e24485cea50d1cbac27 -> 
  custom:video-decoder-webm-vp8: 9c59270c3fd7afecdb556c50c9e8de78 -> 
  custom:audio-decoder-ogg-vorbis: bf7c407c2cedff20999df2af8eb42d56 -> 
========================================================================
Received Import Request.
  Time since last request: 19057.477148 seconds.
  path: Assets/QuantumRaven/TileMap/Palette/Collision.prefab
  artifactKey: Guid(530e15fed5cee1b42b4e0d2a299f864e) Importer(815301076,1909f56bfc062723c751e8b465ee728b)
Start importing Assets/QuantumRaven/TileMap/Palette/Collision.prefab using Guid(530e15fed5cee1b42b4e0d2a299f864e) Importer(815301076,1909f56bfc062723c751e8b465ee728b)  -> (artifact id: '70a3fafa5050f9bd855e45f2bc13a0c4') in 0.320212 seconds 
========================================================================
Received Import Request.
  Time since last request: 0.000038 seconds.
  path: Assets/QuantumRaven/TileMap/Palette/Floors_Tiles.prefab
  artifactKey: Guid(dc5c0f1c5bfcf7a43b8eb87996c144be) Importer(815301076,1909f56bfc062723c751e8b465ee728b)
Start importing Assets/QuantumRaven/TileMap/Palette/Floors_Tiles.prefab using Guid(dc5c0f1c5bfcf7a43b8eb87996c144be) Importer(815301076,1909f56bfc062723c751e8b465ee728b)  -> (artifact id: '1f38bccb11ab45aff41a6b7657bffa72') in 4.209731 seconds 
========================================================================
Received Import Request.
  Time since last request: 249.849757 seconds.
  path: Assets/QuantumRaven/Art/UI/Menu/village_map_info.png
  artifactKey: Guid(52aff1c2aa38b614a82a397259255819) Importer(815301076,1909f56bfc062723c751e8b465ee728b)
Start importing Assets/QuantumRaven/Art/UI/Menu/village_map_info.png using Guid(52aff1c2aa38b614a82a397259255819) Importer(815301076,1909f56bfc062723c751e8b465ee728b)  -> (artifact id: '442e5529fdbded0cd3bf079862e158f2') in 0.059810 seconds 
========================================================================
Received Import Request.
  Time since last request: 0.000024 seconds.
  path: Assets/QuantumRaven/Art/Maps/Tilesets/Wall_Tiles.png
  artifactKey: Guid(ca0e9962f348a4f4f8b7718b37641a1a) Importer(815301076,1909f56bfc062723c751e8b465ee728b)
Start importing Assets/QuantumRaven/Art/Maps/Tilesets/Wall_Tiles.png using Guid(ca0e9962f348a4f4f8b7718b37641a1a) Importer(815301076,1909f56bfc062723c751e8b465ee728b)  -> (artifact id: '84361ca33ea3c96dc26b093e2c1f69d9') in 0.356290 seconds 
========================================================================
Received Import Request.
  Time since last request: 13.848938 seconds.
  path: Assets/QuantumRaven/Art/Enviroment/Trees/Tree02/Tree02_Size3_Color2/Tree02_Sapling.png
  artifactKey: Guid(228a7ab715f45bb4fbfa8b14e2b7f006) Importer(815301076,1909f56bfc062723c751e8b465ee728b)
Start importing Assets/QuantumRaven/Art/Enviroment/Trees/Tree02/Tree02_Size3_Color2/Tree02_Sapling.png using Guid(228a7ab715f45bb4fbfa8b14e2b7f006) Importer(815301076,1909f56bfc062723c751e8b465ee728b)  -> (artifact id: '6238ae09ae3ac4888f15ec98ec5c151b') in 0.023613 seconds 
========================================================================
Received Import Request.
  Time since last request: 35.445467 seconds.
  path: Assets/Prefabs/Enviroment/Crop/Tree01_Size03_Trunk_2.prefab
  artifactKey: Guid(03839d677e0483a4faef746b6b30e531) Importer(815301076,1909f56bfc062723c751e8b465ee728b)
Start importing Assets/Prefabs/Enviroment/Crop/Tree01_Size03_Trunk_2.prefab using Guid(03839d677e0483a4faef746b6b30e531) Importer(815301076,1909f56bfc062723c751e8b465ee728b)  -> (artifact id: '793f3e931a679d2d233d9993f5c1a46f') in 0.006982 seconds 
========================================================================
Received Import Request.
  Time since last request: 43.293065 seconds.
  path: Assets/Prefabs/Enviroment/Crop/Tree02_Size03_Trunk.prefab
  artifactKey: Guid(03839d677e0483a4faef746b6b30e531) Importer(815301076,1909f56bfc062723c751e8b465ee728b)
Start importing Assets/Prefabs/Enviroment/Crop/Tree02_Size03_Trunk.prefab using Guid(03839d677e0483a4faef746b6b30e531) Importer(815301076,1909f56bfc062723c751e8b465ee728b)  -> (artifact id: '3145fd483952a90b816e3d256fc2a222') in 0.007058 seconds 
========================================================================
Received Import Request.
  Time since last request: 1.705131 seconds.
  path: Assets/Prefabs/Enviroment/Crop/Tree02_Size03_Trunk 1.prefab
  artifactKey: Guid(e9e07a24e97832e428bd2a0d766dba28) Importer(815301076,1909f56bfc062723c751e8b465ee728b)
Start importing Assets/Prefabs/Enviroment/Crop/Tree02_Size03_Trunk 1.prefab using Guid(e9e07a24e97832e428bd2a0d766dba28) Importer(815301076,1909f56bfc062723c751e8b465ee728b)  -> (artifact id: 'fca103cd8cd63f44bd51e0652ec13846') in 0.016921 seconds 
========================================================================
Received Import Request.
  Time since last request: 15.308648 seconds.
  path: Assets/Prefabs/Enviroment/Crop/Tree03_Size03_Trunk.prefab
  artifactKey: Guid(e9e07a24e97832e428bd2a0d766dba28) Importer(815301076,1909f56bfc062723c751e8b465ee728b)
Start importing Assets/Prefabs/Enviroment/Crop/Tree03_Size03_Trunk.prefab using Guid(e9e07a24e97832e428bd2a0d766dba28) Importer(815301076,1909f56bfc062723c751e8b465ee728b)  -> (artifact id: '161be0a98e3b1daa9d4fbccf4d0b6454') in 0.008724 seconds 
========================================================================
Received Import Request.
  Time since last request: 78.054310 seconds.
  path: Assets/Prefabs/Enviroment/Crop/Tree03_Size03_Trunk.prefab
  artifactKey: Guid(e9e07a24e97832e428bd2a0d766dba28) Importer(815301076,1909f56bfc062723c751e8b465ee728b)
Start importing Assets/Prefabs/Enviroment/Crop/Tree03_Size03_Trunk.prefab using Guid(e9e07a24e97832e428bd2a0d766dba28) Importer(815301076,1909f56bfc062723c751e8b465ee728b)  -> (artifact id: '1a40a11d04f5c6e66fe147441d06c8aa') in 0.007361 seconds 
========================================================================
Received Import Request.
  Time since last request: 7.611392 seconds.
  path: Assets/Prefabs/Enviroment/Crop/Tree02_Size03_Trunk.prefab
  artifactKey: Guid(03839d677e0483a4faef746b6b30e531) Importer(815301076,1909f56bfc062723c751e8b465ee728b)
Start importing Assets/Prefabs/Enviroment/Crop/Tree02_Size03_Trunk.prefab using Guid(03839d677e0483a4faef746b6b30e531) Importer(815301076,1909f56bfc062723c751e8b465ee728b)  -> (artifact id: 'd7ac4ce477f72912b1ceb895339a8f60') in 0.022438 seconds 
========================================================================
Received Import Request.
  Time since last request: 1.980333 seconds.
  path: Assets/Prefabs/Enviroment/Crop/Tree02_Size03_Trunk.prefab
  artifactKey: Guid(03839d677e0483a4faef746b6b30e531) Importer(815301076,1909f56bfc062723c751e8b465ee728b)
Start importing Assets/Prefabs/Enviroment/Crop/Tree02_Size03_Trunk.prefab using Guid(03839d677e0483a4faef746b6b30e531) Importer(815301076,1909f56bfc062723c751e8b465ee728b)  -> (artifact id: '33e7261783a3a7d18fa46e7ae8854a8b') in 0.005729 seconds 
========================================================================
Received Import Request.
  Time since last request: 2.003666 seconds.
  path: Assets/Prefabs/Enviroment/Crop/Tree02_Size03_Trunk.prefab
  artifactKey: Guid(03839d677e0483a4faef746b6b30e531) Importer(815301076,1909f56bfc062723c751e8b465ee728b)
Start importing Assets/Prefabs/Enviroment/Crop/Tree02_Size03_Trunk.prefab using Guid(03839d677e0483a4faef746b6b30e531) Importer(815301076,1909f56bfc062723c751e8b465ee728b)  -> (artifact id: 'a990b536c5fa7c7f0c10fa4dae2efcc2') in 0.007641 seconds 
========================================================================
Received Import Request.
  Time since last request: 1.998545 seconds.
  path: Assets/Prefabs/Enviroment/Crop/Tree02_Size03_Trunk.prefab
  artifactKey: Guid(03839d677e0483a4faef746b6b30e531) Importer(815301076,1909f56bfc062723c751e8b465ee728b)
Start importing Assets/Prefabs/Enviroment/Crop/Tree02_Size03_Trunk.prefab using Guid(03839d677e0483a4faef746b6b30e531) Importer(815301076,1909f56bfc062723c751e8b465ee728b)  -> (artifact id: 'e8204e83119f54af3ca2ea7bf9752d1e') in 0.010073 seconds 
========================================================================
Received Import Request.
  Time since last request: 2.827633 seconds.
  path: Assets/Prefabs/Enviroment/Crop/Tree02_Size03_Trunk.prefab
  artifactKey: Guid(03839d677e0483a4faef746b6b30e531) Importer(815301076,1909f56bfc062723c751e8b465ee728b)
Start importing Assets/Prefabs/Enviroment/Crop/Tree02_Size03_Trunk.prefab using Guid(03839d677e0483a4faef746b6b30e531) Importer(815301076,1909f56bfc062723c751e8b465ee728b)  -> (artifact id: '398ad32fbf5ed672dc9732f6d8110265') in 0.021784 seconds 
========================================================================
Received Import Request.
  Time since last request: 1.180649 seconds.
  path: Assets/Prefabs/Enviroment/Crop/Tree02_Size03_Trunk.prefab
  artifactKey: Guid(03839d677e0483a4faef746b6b30e531) Importer(815301076,1909f56bfc062723c751e8b465ee728b)
Start importing Assets/Prefabs/Enviroment/Crop/Tree02_Size03_Trunk.prefab using Guid(03839d677e0483a4faef746b6b30e531) Importer(815301076,1909f56bfc062723c751e8b465ee728b)  -> (artifact id: '5f4d874bbecb2288990039370e289ae7') in 0.006502 seconds 
========================================================================
Received Import Request.
  Time since last request: 1.607166 seconds.
  path: Assets/Prefabs/Enviroment/Crop/Tree02_Size03_Trunk.prefab
  artifactKey: Guid(03839d677e0483a4faef746b6b30e531) Importer(815301076,1909f56bfc062723c751e8b465ee728b)
Start importing Assets/Prefabs/Enviroment/Crop/Tree02_Size03_Trunk.prefab using Guid(03839d677e0483a4faef746b6b30e531) Importer(815301076,1909f56bfc062723c751e8b465ee728b)  -> (artifact id: '1c47bbc7a9ced32520cb3be26fc9ab49') in 0.007023 seconds 
========================================================================
Received Import Request.
  Time since last request: 1.801703 seconds.
  path: Assets/Prefabs/Enviroment/Crop/Tree02_Size03_Trunk.prefab
  artifactKey: Guid(03839d677e0483a4faef746b6b30e531) Importer(815301076,1909f56bfc062723c751e8b465ee728b)
Start importing Assets/Prefabs/Enviroment/Crop/Tree02_Size03_Trunk.prefab using Guid(03839d677e0483a4faef746b6b30e531) Importer(815301076,1909f56bfc062723c751e8b465ee728b)  -> (artifact id: '36c7a5dcc1b31e931086c69eada698b9') in 0.005200 seconds 
========================================================================
Received Import Request.
  Time since last request: 2.603879 seconds.
  path: Assets/Prefabs/Enviroment/Crop/Tree02_Size03_Trunk.prefab
  artifactKey: Guid(03839d677e0483a4faef746b6b30e531) Importer(815301076,1909f56bfc062723c751e8b465ee728b)
Start importing Assets/Prefabs/Enviroment/Crop/Tree02_Size03_Trunk.prefab using Guid(03839d677e0483a4faef746b6b30e531) Importer(815301076,1909f56bfc062723c751e8b465ee728b)  -> (artifact id: '15cff0fbcdbb95722db181671fa8dd7f') in 0.007990 seconds 
========================================================================
Received Import Request.
  Time since last request: 2.812072 seconds.
  path: Assets/Prefabs/Enviroment/Crop/Tree02_Size03_Trunk.prefab
  artifactKey: Guid(03839d677e0483a4faef746b6b30e531) Importer(815301076,1909f56bfc062723c751e8b465ee728b)
Start importing Assets/Prefabs/Enviroment/Crop/Tree02_Size03_Trunk.prefab using Guid(03839d677e0483a4faef746b6b30e531) Importer(815301076,1909f56bfc062723c751e8b465ee728b)  -> (artifact id: '0ed14670b8e2b8553da2ae5cc3428ceb') in 0.013720 seconds 
========================================================================
Received Import Request.
  Time since last request: 9.465017 seconds.
  path: Assets/Prefabs/Enviroment/Crop/Tree01_Size03_Trunk.prefab
  artifactKey: Guid(1de5df2493f0cb44babcf4276ed942bd) Importer(815301076,1909f56bfc062723c751e8b465ee728b)
Start importing Assets/Prefabs/Enviroment/Crop/Tree01_Size03_Trunk.prefab using Guid(1de5df2493f0cb44babcf4276ed942bd) Importer(815301076,1909f56bfc062723c751e8b465ee728b)  -> (artifact id: 'd52ac0716e4530fe00619deddb055f6d') in 0.007034 seconds 
========================================================================
Received Import Request.
  Time since last request: 1.794448 seconds.
  path: Assets/Prefabs/Enviroment/Crop/Tree01_Size03_Trunk.prefab
  artifactKey: Guid(1de5df2493f0cb44babcf4276ed942bd) Importer(815301076,1909f56bfc062723c751e8b465ee728b)
Start importing Assets/Prefabs/Enviroment/Crop/Tree01_Size03_Trunk.prefab using Guid(1de5df2493f0cb44babcf4276ed942bd) Importer(815301076,1909f56bfc062723c751e8b465ee728b)  -> (artifact id: '41f679936b338b40d1d31767776b7226') in 0.012355 seconds 
========================================================================
Received Import Request.
  Time since last request: 1.200949 seconds.
  path: Assets/Prefabs/Enviroment/Crop/Tree01_Size03_Trunk.prefab
  artifactKey: Guid(1de5df2493f0cb44babcf4276ed942bd) Importer(815301076,1909f56bfc062723c751e8b465ee728b)
Start importing Assets/Prefabs/Enviroment/Crop/Tree01_Size03_Trunk.prefab using Guid(1de5df2493f0cb44babcf4276ed942bd) Importer(815301076,1909f56bfc062723c751e8b465ee728b)  -> (artifact id: '9fffc573eacbe3578e8407f8e9cc5c39') in 0.028679 seconds 
========================================================================
Received Import Request.
  Time since last request: 23.889311 seconds.
  path: Assets/GameData/Crop/CropDataList_SO.asset
  artifactKey: Guid(913d7157348123d43bfc2ea2af048023) Importer(815301076,1909f56bfc062723c751e8b465ee728b)
Start importing Assets/GameData/Crop/CropDataList_SO.asset using Guid(913d7157348123d43bfc2ea2af048023) Importer(815301076,1909f56bfc062723c751e8b465ee728b)  -> (artifact id: '8c3de6d697a5e09a3194f973fab7fcd8') in 0.019178 seconds 
========================================================================
Received Import Request.
  Time since last request: 461.011270 seconds.
  path: Assets/GameData/Inventory/ItemDataList_SO.asset
  artifactKey: Guid(9ca58b7711e4d3f4094172ad8a5e2059) Importer(815301076,1909f56bfc062723c751e8b465ee728b)
Start importing Assets/GameData/Inventory/ItemDataList_SO.asset using Guid(9ca58b7711e4d3f4094172ad8a5e2059) Importer(815301076,1909f56bfc062723c751e8b465ee728b)  -> (artifact id: '30f82b4a76540ed62a3554b098d28fd4') in 0.008735 seconds 
========================================================================
Received Prepare
Registering precompiled user dll's ...
Registered in 0.008802 seconds.
Begin MonoManager ReloadAssembly
Native extension for WindowsStandalone target not found
Native extension for WebGL target not found
Refreshing native plugins compatible for Editor in 0.68 ms, found 1 plugins.
Preloading 0 native plugins for Editor in 0.00 ms.
Mono: successfully reloaded assembly
- Completed reload, in  0.667 seconds
Domain Reload Profiling:
	ReloadAssembly (668ms)
		BeginReloadAssembly (106ms)
			ExecutionOrderSort (0ms)
			DisableScriptedObjects (5ms)
			BackupInstance (0ms)
			ReleaseScriptingObjects (0ms)
			CreateAndSetChildDomain (24ms)
		EndReloadAssembly (483ms)
			LoadAssemblies (65ms)
			RebuildTransferFunctionScriptingTraits (0ms)
			SetupTypeCache (135ms)
			ReleaseScriptCaches (1ms)
			RebuildScriptCaches (30ms)
			SetupLoadedEditorAssemblies (223ms)
				LogAssemblyErrors (0ms)
				InitializePlatformSupportModulesInManaged (6ms)
				SetLoadedEditorAssemblies (0ms)
				RefreshPlugins (1ms)
				BeforeProcessingInitializeOnLoad (48ms)
				ProcessInitializeOnLoadAttributes (104ms)
				ProcessInitializeOnLoadMethodAttributes (53ms)
				AfterProcessingInitializeOnLoad (11ms)
				EditorAssembliesLoaded (0ms)
			ExecutionOrderSort2 (0ms)
			AwakeInstancesAfterBackupRestoration (6ms)
Platform modules already initialized, skipping
Refreshing native plugins compatible for Editor in 2.11 ms, found 1 plugins.
Preloading 0 native plugins for Editor in 0.00 ms.
Unloading 2143 Unused Serialized files (Serialized files now loaded: 0)
Unloading 27 unused Assets / (92.7 KB). Loaded Objects now: 2660.
Memory consumption went from 114.6 MB to 114.5 MB.
Total: 2.894300 ms (FindLiveObjects: 0.122600 ms CreateObjectMapping: 0.039900 ms MarkObjects: 2.689700 ms  DeleteObjects: 0.041300 ms)

AssetImportParameters requested are different than current active one (requested -> active):
  custom:video-decoder-ogg-theora: a1e56fd34408186e4bbccfd4996cb3dc -> 
  custom:container-muxer-webm: aa71ff27fc2769a1b78a27578f13a17b -> 
  custom:container-demuxer-webm: 4f35f7cbe854078d1ac9338744f61a02 -> 
  custom:video-encoder-webm-vp8: eb34c28f22e8b96e1ab97ce403110664 -> 
  custom:CustomObjectIndexerAttribute: bc11b3a6c3213fcdd17b65e7da85e133 -> 
  custom:audio-encoder-webm-vorbis: bf7c407c2cedff20999df2af8eb42d56 -> 
  custom:framework-win-MediaFoundation: 216162199b28c13a410421893ffa2e32 -> 
  custom:container-demuxer-ogg: 62fdf1f143b41e24485cea50d1cbac27 -> 
  custom:video-decoder-webm-vp8: 9c59270c3fd7afecdb556c50c9e8de78 -> 
  custom:audio-decoder-ogg-vorbis: bf7c407c2cedff20999df2af8eb42d56 -> 
========================================================================
Received Import Request.
  Time since last request: 469.600163 seconds.
  path: Assets/Prefabs/Enviroment/Tree/Tree02/Tree02_Size03_Green01.prefab
  artifactKey: Guid(82abfc669cef7c34986bf8ee7aa50ffa) Importer(815301076,1909f56bfc062723c751e8b465ee728b)
Start importing Assets/Prefabs/Enviroment/Tree/Tree02/Tree02_Size03_Green01.prefab using Guid(82abfc669cef7c34986bf8ee7aa50ffa) Importer(815301076,1909f56bfc062723c751e8b465ee728b)  -> (artifact id: '14fb0153faa972a1e48979a5eaf70de7') in 0.050773 seconds 
========================================================================
Received Import Request.
  Time since last request: 9.549224 seconds.
  path: Assets/Prefabs/Enviroment/Tree/Tree03/Tree03_Size03_Green01.prefab
  artifactKey: Guid(f5ff0feac981876478911f6ce8a4026b) Importer(815301076,1909f56bfc062723c751e8b465ee728b)
Start importing Assets/Prefabs/Enviroment/Tree/Tree03/Tree03_Size03_Green01.prefab using Guid(f5ff0feac981876478911f6ce8a4026b) Importer(815301076,1909f56bfc062723c751e8b465ee728b)  -> (artifact id: 'd543d1f2617b114ac28d0da80bcc49c3') in 0.025704 seconds 
========================================================================
Received Prepare
Registering precompiled user dll's ...
Registered in 0.008246 seconds.
Begin MonoManager ReloadAssembly
Native extension for WindowsStandalone target not found
Native extension for WebGL target not found
Refreshing native plugins compatible for Editor in 0.96 ms, found 1 plugins.
Preloading 0 native plugins for Editor in 0.00 ms.
Mono: successfully reloaded assembly
- Completed reload, in  0.664 seconds
Domain Reload Profiling:
	ReloadAssembly (664ms)
		BeginReloadAssembly (109ms)
			ExecutionOrderSort (0ms)
			DisableScriptedObjects (6ms)
			BackupInstance (0ms)
			ReleaseScriptingObjects (0ms)
			CreateAndSetChildDomain (21ms)
		EndReloadAssembly (479ms)
			LoadAssemblies (71ms)
			RebuildTransferFunctionScriptingTraits (0ms)
			SetupTypeCache (130ms)
			ReleaseScriptCaches (1ms)
			RebuildScriptCaches (29ms)
			SetupLoadedEditorAssemblies (222ms)
				LogAssemblyErrors (0ms)
				InitializePlatformSupportModulesInManaged (7ms)
				SetLoadedEditorAssemblies (1ms)
				RefreshPlugins (1ms)
				BeforeProcessingInitializeOnLoad (51ms)
				ProcessInitializeOnLoadAttributes (109ms)
				ProcessInitializeOnLoadMethodAttributes (45ms)
				AfterProcessingInitializeOnLoad (9ms)
				EditorAssembliesLoaded (0ms)
			ExecutionOrderSort2 (0ms)
			AwakeInstancesAfterBackupRestoration (5ms)
Platform modules already initialized, skipping
Refreshing native plugins compatible for Editor in 1.59 ms, found 1 plugins.
Preloading 0 native plugins for Editor in 0.00 ms.
Unloading 2143 Unused Serialized files (Serialized files now loaded: 0)
Unloading 27 unused Assets / (92.8 KB). Loaded Objects now: 2675.
Memory consumption went from 114.6 MB to 114.5 MB.
Total: 2.448400 ms (FindLiveObjects: 0.149900 ms CreateObjectMapping: 0.054500 ms MarkObjects: 2.180100 ms  DeleteObjects: 0.061300 ms)

AssetImportParameters requested are different than current active one (requested -> active):
  custom:video-decoder-ogg-theora: a1e56fd34408186e4bbccfd4996cb3dc -> 
  custom:container-muxer-webm: aa71ff27fc2769a1b78a27578f13a17b -> 
  custom:container-demuxer-webm: 4f35f7cbe854078d1ac9338744f61a02 -> 
  custom:video-encoder-webm-vp8: eb34c28f22e8b96e1ab97ce403110664 -> 
  custom:CustomObjectIndexerAttribute: bc11b3a6c3213fcdd17b65e7da85e133 -> 
  custom:audio-encoder-webm-vorbis: bf7c407c2cedff20999df2af8eb42d56 -> 
  custom:framework-win-MediaFoundation: 216162199b28c13a410421893ffa2e32 -> 
  custom:container-demuxer-ogg: 62fdf1f143b41e24485cea50d1cbac27 -> 
  custom:video-decoder-webm-vp8: 9c59270c3fd7afecdb556c50c9e8de78 -> 
  custom:audio-decoder-ogg-vorbis: bf7c407c2cedff20999df2af8eb42d56 -> 
========================================================================
Received Import Request.
  Time since last request: 80.201269 seconds.
  path: Assets/Prefabs/Enviroment/Tree/Tree02/Tree02_Size03_Green01.prefab
  artifactKey: Guid(82abfc669cef7c34986bf8ee7aa50ffa) Importer(815301076,1909f56bfc062723c751e8b465ee728b)
Start importing Assets/Prefabs/Enviroment/Tree/Tree02/Tree02_Size03_Green01.prefab using Guid(82abfc669cef7c34986bf8ee7aa50ffa) Importer(815301076,1909f56bfc062723c751e8b465ee728b)  -> (artifact id: 'e0960c80bc416802506ac555b6ed9804') in 0.048512 seconds 
========================================================================
Received Import Request.
  Time since last request: 31.754636 seconds.
  path: Assets/Prefabs/Enviroment/Tree/Tree02/Tree02_Size03_Green01.prefab
  artifactKey: Guid(82abfc669cef7c34986bf8ee7aa50ffa) Importer(815301076,1909f56bfc062723c751e8b465ee728b)
Start importing Assets/Prefabs/Enviroment/Tree/Tree02/Tree02_Size03_Green01.prefab using Guid(82abfc669cef7c34986bf8ee7aa50ffa) Importer(815301076,1909f56bfc062723c751e8b465ee728b)  -> (artifact id: '80caa93d7ef91d96e437bfb11d70588f') in 0.014821 seconds 
========================================================================
Received Import Request.
  Time since last request: 5.175021 seconds.
  path: Assets/Prefabs/Enviroment/Tree/Tree02/Tree02_Size03_Green01.prefab
  artifactKey: Guid(82abfc669cef7c34986bf8ee7aa50ffa) Importer(815301076,1909f56bfc062723c751e8b465ee728b)
Start importing Assets/Prefabs/Enviroment/Tree/Tree02/Tree02_Size03_Green01.prefab using Guid(82abfc669cef7c34986bf8ee7aa50ffa) Importer(815301076,1909f56bfc062723c751e8b465ee728b)  -> (artifact id: 'eff358155b81d2d1dc29f3d38f57fd1c') in 0.007330 seconds 
========================================================================
Received Import Request.
  Time since last request: 1.398011 seconds.
  path: Assets/Prefabs/Enviroment/Tree/Tree02/Tree02_Size03_Green01.prefab
  artifactKey: Guid(82abfc669cef7c34986bf8ee7aa50ffa) Importer(815301076,1909f56bfc062723c751e8b465ee728b)
Start importing Assets/Prefabs/Enviroment/Tree/Tree02/Tree02_Size03_Green01.prefab using Guid(82abfc669cef7c34986bf8ee7aa50ffa) Importer(815301076,1909f56bfc062723c751e8b465ee728b)  -> (artifact id: '9003557d1e19e6df386d082867735150') in 0.039592 seconds 
========================================================================
Received Import Request.
  Time since last request: 2.981357 seconds.
  path: Assets/Prefabs/Enviroment/Tree/Tree02/Tree02_Size03_Green01.prefab
  artifactKey: Guid(82abfc669cef7c34986bf8ee7aa50ffa) Importer(815301076,1909f56bfc062723c751e8b465ee728b)
Start importing Assets/Prefabs/Enviroment/Tree/Tree02/Tree02_Size03_Green01.prefab using Guid(82abfc669cef7c34986bf8ee7aa50ffa) Importer(815301076,1909f56bfc062723c751e8b465ee728b)  -> (artifact id: 'd9a191d47ec7b0e963edbcac88a458c7') in 0.012133 seconds 
========================================================================
Received Import Request.
  Time since last request: 99.758630 seconds.
  path: Assets/Prefabs/Enviroment/Tree/Tree03/Tree03_Size03_Green01.prefab
  artifactKey: Guid(f5ff0feac981876478911f6ce8a4026b) Importer(815301076,1909f56bfc062723c751e8b465ee728b)
Start importing Assets/Prefabs/Enviroment/Tree/Tree03/Tree03_Size03_Green01.prefab using Guid(f5ff0feac981876478911f6ce8a4026b) Importer(815301076,1909f56bfc062723c751e8b465ee728b)  -> (artifact id: '7d466d54b57840eb3d7cbb1e3244ebd3') in 0.017704 seconds 
========================================================================
Received Import Request.
  Time since last request: 1.988199 seconds.
  path: Assets/Prefabs/Enviroment/Tree/Tree03/Tree03_Size03_Green01.prefab
  artifactKey: Guid(f5ff0feac981876478911f6ce8a4026b) Importer(815301076,1909f56bfc062723c751e8b465ee728b)
Start importing Assets/Prefabs/Enviroment/Tree/Tree03/Tree03_Size03_Green01.prefab using Guid(f5ff0feac981876478911f6ce8a4026b) Importer(815301076,1909f56bfc062723c751e8b465ee728b)  -> (artifact id: '6796d94ef58d0bee0a36f8ab99f97834') in 0.011973 seconds 
========================================================================
Received Import Request.
  Time since last request: 0.979030 seconds.
  path: Assets/Prefabs/Enviroment/Tree/Tree03/Tree03_Size03_Green01.prefab
  artifactKey: Guid(f5ff0feac981876478911f6ce8a4026b) Importer(815301076,1909f56bfc062723c751e8b465ee728b)
Start importing Assets/Prefabs/Enviroment/Tree/Tree03/Tree03_Size03_Green01.prefab using Guid(f5ff0feac981876478911f6ce8a4026b) Importer(815301076,1909f56bfc062723c751e8b465ee728b)  -> (artifact id: 'a4ef2257b99deb4360668dc7fb4c17fb') in 0.048435 seconds 
========================================================================
Received Import Request.
  Time since last request: 1.366858 seconds.
  path: Assets/Prefabs/Enviroment/Tree/Tree03/Tree03_Size03_Green01.prefab
  artifactKey: Guid(f5ff0feac981876478911f6ce8a4026b) Importer(815301076,1909f56bfc062723c751e8b465ee728b)
Start importing Assets/Prefabs/Enviroment/Tree/Tree03/Tree03_Size03_Green01.prefab using Guid(f5ff0feac981876478911f6ce8a4026b) Importer(815301076,1909f56bfc062723c751e8b465ee728b)  -> (artifact id: '79b578737e2820a9b16fdf174de9ccf9') in 0.013288 seconds 
========================================================================
Received Import Request.
  Time since last request: 2.202479 seconds.
  path: Assets/Prefabs/Enviroment/Tree/Tree03/Tree03_Size03_Green01.prefab
  artifactKey: Guid(f5ff0feac981876478911f6ce8a4026b) Importer(815301076,1909f56bfc062723c751e8b465ee728b)
Start importing Assets/Prefabs/Enviroment/Tree/Tree03/Tree03_Size03_Green01.prefab using Guid(f5ff0feac981876478911f6ce8a4026b) Importer(815301076,1909f56bfc062723c751e8b465ee728b)  -> (artifact id: '6ec3bfc2519ed06682ed39e566464956') in 0.010621 seconds 
========================================================================
Received Import Request.
  Time since last request: 9.658311 seconds.
  path: Assets/Prefabs/Enviroment/Tree/Tree03/Tree03_Size03_Green01.prefab
  artifactKey: Guid(f5ff0feac981876478911f6ce8a4026b) Importer(815301076,1909f56bfc062723c751e8b465ee728b)
Start importing Assets/Prefabs/Enviroment/Tree/Tree03/Tree03_Size03_Green01.prefab using Guid(f5ff0feac981876478911f6ce8a4026b) Importer(815301076,1909f56bfc062723c751e8b465ee728b)  -> (artifact id: '02591ca5fa370c83de4feafedea3977b') in 0.007462 seconds 
========================================================================
Received Import Request.
  Time since last request: 1.396779 seconds.
  path: Assets/Prefabs/Enviroment/Tree/Tree03/Tree03_Size03_Green01.prefab
  artifactKey: Guid(f5ff0feac981876478911f6ce8a4026b) Importer(815301076,1909f56bfc062723c751e8b465ee728b)
Start importing Assets/Prefabs/Enviroment/Tree/Tree03/Tree03_Size03_Green01.prefab using Guid(f5ff0feac981876478911f6ce8a4026b) Importer(815301076,1909f56bfc062723c751e8b465ee728b)  -> (artifact id: 'fbefec92fb8919c3c6b60414e70ae4ee') in 0.022356 seconds 
========================================================================
Received Import Request.
  Time since last request: 0.988617 seconds.
  path: Assets/Prefabs/Enviroment/Tree/Tree03/Tree03_Size03_Green01.prefab
  artifactKey: Guid(f5ff0feac981876478911f6ce8a4026b) Importer(815301076,1909f56bfc062723c751e8b465ee728b)
Start importing Assets/Prefabs/Enviroment/Tree/Tree03/Tree03_Size03_Green01.prefab using Guid(f5ff0feac981876478911f6ce8a4026b) Importer(815301076,1909f56bfc062723c751e8b465ee728b)  -> (artifact id: '12345ac701ee4f41e5876340194c3c4d') in 0.008069 seconds 
========================================================================
Received Prepare
Registering precompiled user dll's ...
Registered in 0.006669 seconds.
Begin MonoManager ReloadAssembly
Native extension for WindowsStandalone target not found
Native extension for WebGL target not found
Refreshing native plugins compatible for Editor in 0.68 ms, found 1 plugins.
Preloading 0 native plugins for Editor in 0.00 ms.
Mono: successfully reloaded assembly
- Completed reload, in  0.662 seconds
Domain Reload Profiling:
	ReloadAssembly (662ms)
		BeginReloadAssembly (103ms)
			ExecutionOrderSort (0ms)
			DisableScriptedObjects (5ms)
			BackupInstance (0ms)
			ReleaseScriptingObjects (0ms)
			CreateAndSetChildDomain (20ms)
		EndReloadAssembly (478ms)
			LoadAssemblies (66ms)
			RebuildTransferFunctionScriptingTraits (0ms)
			SetupTypeCache (131ms)
			ReleaseScriptCaches (1ms)
			RebuildScriptCaches (31ms)
			SetupLoadedEditorAssemblies (216ms)
				LogAssemblyErrors (0ms)
				InitializePlatformSupportModulesInManaged (7ms)
				SetLoadedEditorAssemblies (0ms)
				RefreshPlugins (1ms)
				BeforeProcessingInitializeOnLoad (49ms)
				ProcessInitializeOnLoadAttributes (108ms)
				ProcessInitializeOnLoadMethodAttributes (44ms)
				AfterProcessingInitializeOnLoad (7ms)
				EditorAssembliesLoaded (0ms)
			ExecutionOrderSort2 (0ms)
			AwakeInstancesAfterBackupRestoration (6ms)
Platform modules already initialized, skipping
Refreshing native plugins compatible for Editor in 2.43 ms, found 1 plugins.
Preloading 0 native plugins for Editor in 0.00 ms.
Unloading 2143 Unused Serialized files (Serialized files now loaded: 0)
Unloading 27 unused Assets / (92.7 KB). Loaded Objects now: 2690.
Memory consumption went from 114.7 MB to 114.6 MB.
Total: 2.263000 ms (FindLiveObjects: 0.119000 ms CreateObjectMapping: 0.042800 ms MarkObjects: 2.056800 ms  DeleteObjects: 0.043600 ms)

AssetImportParameters requested are different than current active one (requested -> active):
  custom:video-decoder-ogg-theora: a1e56fd34408186e4bbccfd4996cb3dc -> 
  custom:container-muxer-webm: aa71ff27fc2769a1b78a27578f13a17b -> 
  custom:container-demuxer-webm: 4f35f7cbe854078d1ac9338744f61a02 -> 
  custom:video-encoder-webm-vp8: eb34c28f22e8b96e1ab97ce403110664 -> 
  custom:CustomObjectIndexerAttribute: bc11b3a6c3213fcdd17b65e7da85e133 -> 
  custom:audio-encoder-webm-vorbis: bf7c407c2cedff20999df2af8eb42d56 -> 
  custom:framework-win-MediaFoundation: 216162199b28c13a410421893ffa2e32 -> 
  custom:container-demuxer-ogg: 62fdf1f143b41e24485cea50d1cbac27 -> 
  custom:video-decoder-webm-vp8: 9c59270c3fd7afecdb556c50c9e8de78 -> 
  custom:audio-decoder-ogg-vorbis: bf7c407c2cedff20999df2af8eb42d56 -> 
========================================================================
Received Import Request.
  Time since last request: 51.470058 seconds.
  path: Assets/GameData/Crop/CropDataList_SO.asset
  artifactKey: Guid(913d7157348123d43bfc2ea2af048023) Importer(815301076,1909f56bfc062723c751e8b465ee728b)
Start importing Assets/GameData/Crop/CropDataList_SO.asset using Guid(913d7157348123d43bfc2ea2af048023) Importer(815301076,1909f56bfc062723c751e8b465ee728b)  -> (artifact id: '059e5ce9a899ffb01ece56babaff4dd3') in 0.027922 seconds 
========================================================================
Received Import Request.
  Time since last request: 56.983961 seconds.
  path: Assets/Prefabs/Enviroment/Tree/Tree03/Tree03_Size03_Green.prefab
  artifactKey: Guid(f5ff0feac981876478911f6ce8a4026b) Importer(815301076,1909f56bfc062723c751e8b465ee728b)
Start importing Assets/Prefabs/Enviroment/Tree/Tree03/Tree03_Size03_Green.prefab using Guid(f5ff0feac981876478911f6ce8a4026b) Importer(815301076,1909f56bfc062723c751e8b465ee728b)  -> (artifact id: 'a480af83e5227412cc52652b54fb26ea') in 0.040231 seconds 
========================================================================
Received Import Request.
  Time since last request: 64.495796 seconds.
  path: Assets/Prefabs/Enviroment/Tree/Tree02/Tree02_Size03_Green01.prefab
  artifactKey: Guid(82abfc669cef7c34986bf8ee7aa50ffa) Importer(815301076,1909f56bfc062723c751e8b465ee728b)
Start importing Assets/Prefabs/Enviroment/Tree/Tree02/Tree02_Size03_Green01.prefab using Guid(82abfc669cef7c34986bf8ee7aa50ffa) Importer(815301076,1909f56bfc062723c751e8b465ee728b)  -> (artifact id: 'e30131d02adc525b958a6747ab1c7d24') in 0.010406 seconds 
========================================================================
Received Import Request.
  Time since last request: 0.977726 seconds.
  path: Assets/Prefabs/Enviroment/Tree/Tree02/Tree02_Size03_Green01.prefab
  artifactKey: Guid(82abfc669cef7c34986bf8ee7aa50ffa) Importer(815301076,1909f56bfc062723c751e8b465ee728b)
Start importing Assets/Prefabs/Enviroment/Tree/Tree02/Tree02_Size03_Green01.prefab using Guid(82abfc669cef7c34986bf8ee7aa50ffa) Importer(815301076,1909f56bfc062723c751e8b465ee728b)  -> (artifact id: '5593267b69e086ad705a5f84bac840a1') in 0.042166 seconds 
========================================================================
Received Import Request.
  Time since last request: 1.157815 seconds.
  path: Assets/Prefabs/Enviroment/Tree/Tree02/Tree02_Size03_Green01.prefab
  artifactKey: Guid(82abfc669cef7c34986bf8ee7aa50ffa) Importer(815301076,1909f56bfc062723c751e8b465ee728b)
Start importing Assets/Prefabs/Enviroment/Tree/Tree02/Tree02_Size03_Green01.prefab using Guid(82abfc669cef7c34986bf8ee7aa50ffa) Importer(815301076,1909f56bfc062723c751e8b465ee728b)  -> (artifact id: 'ceb9241c774008b2f0112a4ba84facf1') in 0.008913 seconds 
========================================================================
Received Import Request.
  Time since last request: 10.942811 seconds.
  path: Assets/Prefabs/Enviroment/Tree/Tree02/Tree02_Size03_Green01.prefab
  artifactKey: Guid(82abfc669cef7c34986bf8ee7aa50ffa) Importer(815301076,1909f56bfc062723c751e8b465ee728b)
Start importing Assets/Prefabs/Enviroment/Tree/Tree02/Tree02_Size03_Green01.prefab using Guid(82abfc669cef7c34986bf8ee7aa50ffa) Importer(815301076,1909f56bfc062723c751e8b465ee728b)  -> (artifact id: '83291bbae1ca4160c0f32a2911eca0df') in 0.008408 seconds 
========================================================================
Received Import Request.
  Time since last request: 3.797652 seconds.
  path: Assets/Prefabs/Enviroment/Tree/Tree02/Tree02_Size03_Green01.prefab
  artifactKey: Guid(82abfc669cef7c34986bf8ee7aa50ffa) Importer(815301076,1909f56bfc062723c751e8b465ee728b)
Start importing Assets/Prefabs/Enviroment/Tree/Tree02/Tree02_Size03_Green01.prefab using Guid(82abfc669cef7c34986bf8ee7aa50ffa) Importer(815301076,1909f56bfc062723c751e8b465ee728b)  -> (artifact id: '65220cf751029020714e2a18025a5288') in 0.013546 seconds 
========================================================================
Received Import Request.
  Time since last request: 4.699437 seconds.
  path: Assets/Prefabs/Enviroment/Tree/Tree02/Tree02_Size03_Green01.prefab
  artifactKey: Guid(82abfc669cef7c34986bf8ee7aa50ffa) Importer(815301076,1909f56bfc062723c751e8b465ee728b)
Start importing Assets/Prefabs/Enviroment/Tree/Tree02/Tree02_Size03_Green01.prefab using Guid(82abfc669cef7c34986bf8ee7aa50ffa) Importer(815301076,1909f56bfc062723c751e8b465ee728b)  -> (artifact id: '38aa81524aba76fea20319181bb7c623') in 0.008241 seconds 
========================================================================
Received Import Request.
  Time since last request: 5.023551 seconds.
  path: Assets/Prefabs/Enviroment/Tree/Tree02/Tree02_Size03_Green01.prefab
  artifactKey: Guid(82abfc669cef7c34986bf8ee7aa50ffa) Importer(815301076,1909f56bfc062723c751e8b465ee728b)
Start importing Assets/Prefabs/Enviroment/Tree/Tree02/Tree02_Size03_Green01.prefab using Guid(82abfc669cef7c34986bf8ee7aa50ffa) Importer(815301076,1909f56bfc062723c751e8b465ee728b)  -> (artifact id: '6c92e42ee7f94a8fe07f39dca1fe3434') in 0.015210 seconds 
========================================================================
Received Import Request.
  Time since last request: 4.394317 seconds.
  path: Assets/Prefabs/Enviroment/Tree/Tree02/Tree02_Size03_Green01.prefab
  artifactKey: Guid(82abfc669cef7c34986bf8ee7aa50ffa) Importer(815301076,1909f56bfc062723c751e8b465ee728b)
Start importing Assets/Prefabs/Enviroment/Tree/Tree02/Tree02_Size03_Green01.prefab using Guid(82abfc669cef7c34986bf8ee7aa50ffa) Importer(815301076,1909f56bfc062723c751e8b465ee728b)  -> (artifact id: '762e93936f51c1b32afdf540a3b6e094') in 0.015320 seconds 
========================================================================
Received Import Request.
  Time since last request: 2.601291 seconds.
  path: Assets/Prefabs/Enviroment/Tree/Tree02/Tree02_Size03_Green01.prefab
  artifactKey: Guid(82abfc669cef7c34986bf8ee7aa50ffa) Importer(815301076,1909f56bfc062723c751e8b465ee728b)
Start importing Assets/Prefabs/Enviroment/Tree/Tree02/Tree02_Size03_Green01.prefab using Guid(82abfc669cef7c34986bf8ee7aa50ffa) Importer(815301076,1909f56bfc062723c751e8b465ee728b)  -> (artifact id: '8ac56042801ee82b1897ff75a7356e53') in 0.012657 seconds 
========================================================================
Received Import Request.
  Time since last request: 3.635601 seconds.
  path: Assets/Prefabs/Enviroment/Tree/Tree02/Tree02_Size03_Green01.prefab
  artifactKey: Guid(82abfc669cef7c34986bf8ee7aa50ffa) Importer(815301076,1909f56bfc062723c751e8b465ee728b)
Start importing Assets/Prefabs/Enviroment/Tree/Tree02/Tree02_Size03_Green01.prefab using Guid(82abfc669cef7c34986bf8ee7aa50ffa) Importer(815301076,1909f56bfc062723c751e8b465ee728b)  -> (artifact id: 'c7b15770f9d39fc730e85b9a8993182c') in 0.016718 seconds 
========================================================================
Received Import Request.
  Time since last request: 8.837830 seconds.
  path: Assets/Prefabs/Enviroment/Tree/Tree02/Tree02_Size03_Green01.prefab
  artifactKey: Guid(82abfc669cef7c34986bf8ee7aa50ffa) Importer(815301076,1909f56bfc062723c751e8b465ee728b)
Start importing Assets/Prefabs/Enviroment/Tree/Tree02/Tree02_Size03_Green01.prefab using Guid(82abfc669cef7c34986bf8ee7aa50ffa) Importer(815301076,1909f56bfc062723c751e8b465ee728b)  -> (artifact id: 'ba0aead44723896fd301c070f5c10c7b') in 0.013359 seconds 
========================================================================
Received Import Request.
  Time since last request: 1.995145 seconds.
  path: Assets/Prefabs/Enviroment/Tree/Tree02/Tree02_Size03_Green01.prefab
  artifactKey: Guid(82abfc669cef7c34986bf8ee7aa50ffa) Importer(815301076,1909f56bfc062723c751e8b465ee728b)
Start importing Assets/Prefabs/Enviroment/Tree/Tree02/Tree02_Size03_Green01.prefab using Guid(82abfc669cef7c34986bf8ee7aa50ffa) Importer(815301076,1909f56bfc062723c751e8b465ee728b)  -> (artifact id: '45345892ea0906dcc067a441c3c0f6d4') in 0.030950 seconds 
========================================================================
Received Import Request.
  Time since last request: 13.865280 seconds.
  path: Assets/Prefabs/Enviroment/Tree/Tree03/Tree03_Size03_Green.prefab
  artifactKey: Guid(f5ff0feac981876478911f6ce8a4026b) Importer(815301076,1909f56bfc062723c751e8b465ee728b)
Start importing Assets/Prefabs/Enviroment/Tree/Tree03/Tree03_Size03_Green.prefab using Guid(f5ff0feac981876478911f6ce8a4026b) Importer(815301076,1909f56bfc062723c751e8b465ee728b)  -> (artifact id: 'b9ef3e2a6c96a754170234b4620c14ef') in 0.006630 seconds 
========================================================================
Received Import Request.
  Time since last request: 2.398142 seconds.
  path: Assets/Prefabs/Enviroment/Tree/Tree03/Tree03_Size03_Green.prefab
  artifactKey: Guid(f5ff0feac981876478911f6ce8a4026b) Importer(815301076,1909f56bfc062723c751e8b465ee728b)
Start importing Assets/Prefabs/Enviroment/Tree/Tree03/Tree03_Size03_Green.prefab using Guid(f5ff0feac981876478911f6ce8a4026b) Importer(815301076,1909f56bfc062723c751e8b465ee728b)  -> (artifact id: '037f20e5e91474bb23bb5ea29086f4f9') in 0.012427 seconds 
========================================================================
Received Import Request.
  Time since last request: 2.379597 seconds.
  path: Assets/Prefabs/Enviroment/Tree/Tree03/Tree03_Size03_Green.prefab
  artifactKey: Guid(f5ff0feac981876478911f6ce8a4026b) Importer(815301076,1909f56bfc062723c751e8b465ee728b)
Start importing Assets/Prefabs/Enviroment/Tree/Tree03/Tree03_Size03_Green.prefab using Guid(f5ff0feac981876478911f6ce8a4026b) Importer(815301076,1909f56bfc062723c751e8b465ee728b)  -> (artifact id: 'befb0ef03a5ba1e9580095fc280daaca') in 0.041217 seconds 
========================================================================
Received Import Request.
  Time since last request: 9.602246 seconds.
  path: Assets/Prefabs/Enviroment/Tree/Tree03/Tree03_Size03_Green.prefab
  artifactKey: Guid(f5ff0feac981876478911f6ce8a4026b) Importer(815301076,1909f56bfc062723c751e8b465ee728b)
Start importing Assets/Prefabs/Enviroment/Tree/Tree03/Tree03_Size03_Green.prefab using Guid(f5ff0feac981876478911f6ce8a4026b) Importer(815301076,1909f56bfc062723c751e8b465ee728b)  -> (artifact id: '531904a6f4359f7acb68319dc5d2b83f') in 0.007271 seconds 
========================================================================
Received Import Request.
  Time since last request: 4.831087 seconds.
  path: Assets/Prefabs/Enviroment/Tree/Tree03/Tree03_Size03_Green.prefab
  artifactKey: Guid(f5ff0feac981876478911f6ce8a4026b) Importer(815301076,1909f56bfc062723c751e8b465ee728b)
Start importing Assets/Prefabs/Enviroment/Tree/Tree03/Tree03_Size03_Green.prefab using Guid(f5ff0feac981876478911f6ce8a4026b) Importer(815301076,1909f56bfc062723c751e8b465ee728b)  -> (artifact id: 'd57952246cf052ddd3030e82dcc8bd36') in 0.020675 seconds 
========================================================================
Received Import Request.
  Time since last request: 1.991671 seconds.
  path: Assets/Prefabs/Enviroment/Tree/Tree03/Tree03_Size03_Green.prefab
  artifactKey: Guid(f5ff0feac981876478911f6ce8a4026b) Importer(815301076,1909f56bfc062723c751e8b465ee728b)
Start importing Assets/Prefabs/Enviroment/Tree/Tree03/Tree03_Size03_Green.prefab using Guid(f5ff0feac981876478911f6ce8a4026b) Importer(815301076,1909f56bfc062723c751e8b465ee728b)  -> (artifact id: 'f2ecdd99c800db9763d6e09146c74ef0') in 0.006868 seconds 
========================================================================
Received Prepare
Registering precompiled user dll's ...
Registered in 0.006547 seconds.
Begin MonoManager ReloadAssembly
Native extension for WindowsStandalone target not found
Native extension for WebGL target not found
Refreshing native plugins compatible for Editor in 0.73 ms, found 1 plugins.
Preloading 0 native plugins for Editor in 0.00 ms.
Mono: successfully reloaded assembly
- Completed reload, in  0.670 seconds
Domain Reload Profiling:
	ReloadAssembly (671ms)
		BeginReloadAssembly (104ms)
			ExecutionOrderSort (0ms)
			DisableScriptedObjects (5ms)
			BackupInstance (0ms)
			ReleaseScriptingObjects (0ms)
			CreateAndSetChildDomain (20ms)
		EndReloadAssembly (487ms)
			LoadAssemblies (70ms)
			RebuildTransferFunctionScriptingTraits (0ms)
			SetupTypeCache (130ms)
			ReleaseScriptCaches (1ms)
			RebuildScriptCaches (36ms)
			SetupLoadedEditorAssemblies (218ms)
				LogAssemblyErrors (0ms)
				InitializePlatformSupportModulesInManaged (5ms)
				SetLoadedEditorAssemblies (0ms)
				RefreshPlugins (1ms)
				BeforeProcessingInitializeOnLoad (48ms)
				ProcessInitializeOnLoadAttributes (100ms)
				ProcessInitializeOnLoadMethodAttributes (53ms)
				AfterProcessingInitializeOnLoad (11ms)
				EditorAssembliesLoaded (0ms)
			ExecutionOrderSort2 (0ms)
			AwakeInstancesAfterBackupRestoration (7ms)
Platform modules already initialized, skipping
Refreshing native plugins compatible for Editor in 2.29 ms, found 1 plugins.
Preloading 0 native plugins for Editor in 0.00 ms.
Unloading 2143 Unused Serialized files (Serialized files now loaded: 0)
Unloading 27 unused Assets / (92.7 KB). Loaded Objects now: 2705.
Memory consumption went from 114.8 MB to 114.7 MB.
Total: 2.173500 ms (FindLiveObjects: 0.155400 ms CreateObjectMapping: 0.056600 ms MarkObjects: 1.928300 ms  DeleteObjects: 0.032100 ms)

AssetImportParameters requested are different than current active one (requested -> active):
  custom:video-decoder-ogg-theora: a1e56fd34408186e4bbccfd4996cb3dc -> 
  custom:container-muxer-webm: aa71ff27fc2769a1b78a27578f13a17b -> 
  custom:container-demuxer-webm: 4f35f7cbe854078d1ac9338744f61a02 -> 
  custom:video-encoder-webm-vp8: eb34c28f22e8b96e1ab97ce403110664 -> 
  custom:CustomObjectIndexerAttribute: bc11b3a6c3213fcdd17b65e7da85e133 -> 
  custom:audio-encoder-webm-vorbis: bf7c407c2cedff20999df2af8eb42d56 -> 
  custom:framework-win-MediaFoundation: 216162199b28c13a410421893ffa2e32 -> 
  custom:container-demuxer-ogg: 62fdf1f143b41e24485cea50d1cbac27 -> 
  custom:video-decoder-webm-vp8: 9c59270c3fd7afecdb556c50c9e8de78 -> 
  custom:audio-decoder-ogg-vorbis: bf7c407c2cedff20999df2af8eb42d56 -> 
========================================================================
Received Prepare
Registering precompiled user dll's ...
Registered in 0.008454 seconds.
Begin MonoManager ReloadAssembly
Native extension for WindowsStandalone target not found
Native extension for WebGL target not found
Refreshing native plugins compatible for Editor in 0.76 ms, found 1 plugins.
Preloading 0 native plugins for Editor in 0.00 ms.
Mono: successfully reloaded assembly
- Completed reload, in  0.639 seconds
Domain Reload Profiling:
	ReloadAssembly (640ms)
		BeginReloadAssembly (107ms)
			ExecutionOrderSort (0ms)
			DisableScriptedObjects (4ms)
			BackupInstance (0ms)
			ReleaseScriptingObjects (0ms)
			CreateAndSetChildDomain (20ms)
		EndReloadAssembly (456ms)
			LoadAssemblies (71ms)
			RebuildTransferFunctionScriptingTraits (0ms)
			SetupTypeCache (116ms)
			ReleaseScriptCaches (1ms)
			RebuildScriptCaches (31ms)
			SetupLoadedEditorAssemblies (207ms)
				LogAssemblyErrors (0ms)
				InitializePlatformSupportModulesInManaged (5ms)
				SetLoadedEditorAssemblies (0ms)
				RefreshPlugins (1ms)
				BeforeProcessingInitializeOnLoad (48ms)
				ProcessInitializeOnLoadAttributes (101ms)
				ProcessInitializeOnLoadMethodAttributes (46ms)
				AfterProcessingInitializeOnLoad (7ms)
				EditorAssembliesLoaded (0ms)
			ExecutionOrderSort2 (0ms)
			AwakeInstancesAfterBackupRestoration (5ms)
Platform modules already initialized, skipping
Refreshing native plugins compatible for Editor in 2.14 ms, found 1 plugins.
Preloading 0 native plugins for Editor in 0.00 ms.
Unloading 2143 Unused Serialized files (Serialized files now loaded: 0)
Unloading 27 unused Assets / (93.7 KB). Loaded Objects now: 2720.
Memory consumption went from 114.8 MB to 114.7 MB.
Total: 2.257800 ms (FindLiveObjects: 0.148900 ms CreateObjectMapping: 0.074900 ms MarkObjects: 1.998100 ms  DeleteObjects: 0.034900 ms)

AssetImportParameters requested are different than current active one (requested -> active):
  custom:video-decoder-ogg-theora: a1e56fd34408186e4bbccfd4996cb3dc -> 
  custom:container-muxer-webm: aa71ff27fc2769a1b78a27578f13a17b -> 
  custom:container-demuxer-webm: 4f35f7cbe854078d1ac9338744f61a02 -> 
  custom:video-encoder-webm-vp8: eb34c28f22e8b96e1ab97ce403110664 -> 
  custom:CustomObjectIndexerAttribute: bc11b3a6c3213fcdd17b65e7da85e133 -> 
  custom:audio-encoder-webm-vorbis: bf7c407c2cedff20999df2af8eb42d56 -> 
  custom:framework-win-MediaFoundation: 216162199b28c13a410421893ffa2e32 -> 
  custom:container-demuxer-ogg: 62fdf1f143b41e24485cea50d1cbac27 -> 
  custom:video-decoder-webm-vp8: 9c59270c3fd7afecdb556c50c9e8de78 -> 
  custom:audio-decoder-ogg-vorbis: bf7c407c2cedff20999df2af8eb42d56 -> 
========================================================================
Received Import Request.
  Time since last request: 112.114041 seconds.
  path: Assets/QuantumRaven/Art/Enviroment/Trees/Tree03/Tree03_Size3_Green/Tree03_seed.png
  artifactKey: Guid(b1225c8ba8c7eef42a13fb4a896fcd98) Importer(815301076,1909f56bfc062723c751e8b465ee728b)
Start importing Assets/QuantumRaven/Art/Enviroment/Trees/Tree03/Tree03_Size3_Green/Tree03_seed.png using Guid(b1225c8ba8c7eef42a13fb4a896fcd98) Importer(815301076,1909f56bfc062723c751e8b465ee728b)  -> (artifact id: '807f4c81ace09c982e1f58bc2734154a') in 0.054286 seconds 
========================================================================
Received Import Request.
  Time since last request: 8.112479 seconds.
  path: Assets/QuantumRaven/Art/Enviroment/Trees/Tree03/Tree03_Size3_Green/Tree03_sapling.png
  artifactKey: Guid(5386fc7319bfa6644810027c58d13c1a) Importer(815301076,1909f56bfc062723c751e8b465ee728b)
Start importing Assets/QuantumRaven/Art/Enviroment/Trees/Tree03/Tree03_Size3_Green/Tree03_sapling.png using Guid(5386fc7319bfa6644810027c58d13c1a) Importer(815301076,1909f56bfc062723c751e8b465ee728b)  -> (artifact id: '463bb742eede55e439d1d578aedf6483') in 0.018562 seconds 
========================================================================
Received Import Request.
  Time since last request: 4.205622 seconds.
  path: Assets/QuantumRaven/Art/Enviroment/Trees/Tree03/Tree03_Size3_Green/Tree03_body.png
  artifactKey: Guid(84d46fcb191974e41b8b85a5ddbba84b) Importer(815301076,1909f56bfc062723c751e8b465ee728b)
Start importing Assets/QuantumRaven/Art/Enviroment/Trees/Tree03/Tree03_Size3_Green/Tree03_body.png using Guid(84d46fcb191974e41b8b85a5ddbba84b) Importer(815301076,1909f56bfc062723c751e8b465ee728b)  -> (artifact id: '4af36960301ed77236cd120f4568cf9c') in 0.073782 seconds 
========================================================================
Received Prepare
Registering precompiled user dll's ...
Registered in 0.010123 seconds.
Begin MonoManager ReloadAssembly
Native extension for WindowsStandalone target not found
Native extension for WebGL target not found
Refreshing native plugins compatible for Editor in 1.06 ms, found 1 plugins.
Preloading 0 native plugins for Editor in 0.00 ms.
Mono: successfully reloaded assembly
- Completed reload, in  0.689 seconds
Domain Reload Profiling:
	ReloadAssembly (690ms)
		BeginReloadAssembly (101ms)
			ExecutionOrderSort (0ms)
			DisableScriptedObjects (4ms)
			BackupInstance (0ms)
			ReleaseScriptingObjects (0ms)
			CreateAndSetChildDomain (21ms)
		EndReloadAssembly (510ms)
			LoadAssemblies (65ms)
			RebuildTransferFunctionScriptingTraits (0ms)
			SetupTypeCache (129ms)
			ReleaseScriptCaches (1ms)
			RebuildScriptCaches (33ms)
			SetupLoadedEditorAssemblies (241ms)
				LogAssemblyErrors (0ms)
				InitializePlatformSupportModulesInManaged (7ms)
				SetLoadedEditorAssemblies (1ms)
				RefreshPlugins (1ms)
				BeforeProcessingInitializeOnLoad (51ms)
				ProcessInitializeOnLoadAttributes (116ms)
				ProcessInitializeOnLoadMethodAttributes (55ms)
				AfterProcessingInitializeOnLoad (9ms)
				EditorAssembliesLoaded (0ms)
			ExecutionOrderSort2 (0ms)
			AwakeInstancesAfterBackupRestoration (9ms)
Platform modules already initialized, skipping
Refreshing native plugins compatible for Editor in 1.85 ms, found 1 plugins.
Preloading 0 native plugins for Editor in 0.00 ms.
Unloading 2143 Unused Serialized files (Serialized files now loaded: 0)
Unloading 27 unused Assets / (92.7 KB). Loaded Objects now: 2737.
Memory consumption went from 114.8 MB to 114.7 MB.
Total: 2.492100 ms (FindLiveObjects: 0.145200 ms CreateObjectMapping: 0.049600 ms MarkObjects: 2.230300 ms  DeleteObjects: 0.065700 ms)

AssetImportParameters requested are different than current active one (requested -> active):
  custom:video-decoder-ogg-theora: a1e56fd34408186e4bbccfd4996cb3dc -> 
  custom:container-muxer-webm: aa71ff27fc2769a1b78a27578f13a17b -> 
  custom:container-demuxer-webm: 4f35f7cbe854078d1ac9338744f61a02 -> 
  custom:video-encoder-webm-vp8: eb34c28f22e8b96e1ab97ce403110664 -> 
  custom:CustomObjectIndexerAttribute: bc11b3a6c3213fcdd17b65e7da85e133 -> 
  custom:audio-encoder-webm-vorbis: bf7c407c2cedff20999df2af8eb42d56 -> 
  custom:framework-win-MediaFoundation: 216162199b28c13a410421893ffa2e32 -> 
  custom:container-demuxer-ogg: 62fdf1f143b41e24485cea50d1cbac27 -> 
  custom:video-decoder-webm-vp8: 9c59270c3fd7afecdb556c50c9e8de78 -> 
  custom:audio-decoder-ogg-vorbis: bf7c407c2cedff20999df2af8eb42d56 -> 
========================================================================
Received Import Request.
  Time since last request: 21.354613 seconds.
  path: Assets/GameData/Inventory/Bags/PlayerBag.asset
  artifactKey: Guid(de2b884f3b3efe24e8f81696341d9b88) Importer(815301076,1909f56bfc062723c751e8b465ee728b)
Start importing Assets/GameData/Inventory/Bags/PlayerBag.asset using Guid(de2b884f3b3efe24e8f81696341d9b88) Importer(815301076,1909f56bfc062723c751e8b465ee728b)  -> (artifact id: '8e4fec8b415c5be6967d4a0ae9671524') in 0.010511 seconds 
========================================================================
Received Import Request.
  Time since last request: 21.774552 seconds.
  path: Assets/GameData/Inventory/Bags/PlayerBag.asset
  artifactKey: Guid(de2b884f3b3efe24e8f81696341d9b88) Importer(815301076,1909f56bfc062723c751e8b465ee728b)
Start importing Assets/GameData/Inventory/Bags/PlayerBag.asset using Guid(de2b884f3b3efe24e8f81696341d9b88) Importer(815301076,1909f56bfc062723c751e8b465ee728b)  -> (artifact id: 'a14bb7a0cebf4e09fd99c2e6a6c86bf4') in 0.001577 seconds 
========================================================================
Received Prepare
Registering precompiled user dll's ...
Registered in 0.010443 seconds.
Begin MonoManager ReloadAssembly
Native extension for WindowsStandalone target not found
Native extension for WebGL target not found
Refreshing native plugins compatible for Editor in 0.96 ms, found 1 plugins.
Preloading 0 native plugins for Editor in 0.00 ms.
Mono: successfully reloaded assembly
- Completed reload, in  0.687 seconds
Domain Reload Profiling:
	ReloadAssembly (687ms)
		BeginReloadAssembly (104ms)
			ExecutionOrderSort (0ms)
			DisableScriptedObjects (5ms)
			BackupInstance (0ms)
			ReleaseScriptingObjects (0ms)
			CreateAndSetChildDomain (19ms)
		EndReloadAssembly (501ms)
			LoadAssemblies (72ms)
			RebuildTransferFunctionScriptingTraits (0ms)
			SetupTypeCache (114ms)
			ReleaseScriptCaches (1ms)
			RebuildScriptCaches (31ms)
			SetupLoadedEditorAssemblies (253ms)
				LogAssemblyErrors (0ms)
				InitializePlatformSupportModulesInManaged (6ms)
				SetLoadedEditorAssemblies (0ms)
				RefreshPlugins (1ms)
				BeforeProcessingInitializeOnLoad (60ms)
				ProcessInitializeOnLoadAttributes (119ms)
				ProcessInitializeOnLoadMethodAttributes (57ms)
				AfterProcessingInitializeOnLoad (9ms)
				EditorAssembliesLoaded (0ms)
			ExecutionOrderSort2 (0ms)
			AwakeInstancesAfterBackupRestoration (8ms)
Platform modules already initialized, skipping
Refreshing native plugins compatible for Editor in 1.46 ms, found 1 plugins.
Preloading 0 native plugins for Editor in 0.00 ms.
Unloading 2143 Unused Serialized files (Serialized files now loaded: 0)
Unloading 27 unused Assets / (92.7 KB). Loaded Objects now: 2752.
Memory consumption went from 114.8 MB to 114.7 MB.
Total: 2.253900 ms (FindLiveObjects: 0.130000 ms CreateObjectMapping: 0.049100 ms MarkObjects: 2.038300 ms  DeleteObjects: 0.035300 ms)

AssetImportParameters requested are different than current active one (requested -> active):
  custom:video-decoder-ogg-theora: a1e56fd34408186e4bbccfd4996cb3dc -> 
  custom:container-muxer-webm: aa71ff27fc2769a1b78a27578f13a17b -> 
  custom:container-demuxer-webm: 4f35f7cbe854078d1ac9338744f61a02 -> 
  custom:video-encoder-webm-vp8: eb34c28f22e8b96e1ab97ce403110664 -> 
  custom:CustomObjectIndexerAttribute: bc11b3a6c3213fcdd17b65e7da85e133 -> 
  custom:audio-encoder-webm-vorbis: bf7c407c2cedff20999df2af8eb42d56 -> 
  custom:framework-win-MediaFoundation: 216162199b28c13a410421893ffa2e32 -> 
  custom:container-demuxer-ogg: 62fdf1f143b41e24485cea50d1cbac27 -> 
  custom:video-decoder-webm-vp8: 9c59270c3fd7afecdb556c50c9e8de78 -> 
  custom:audio-decoder-ogg-vorbis: bf7c407c2cedff20999df2af8eb42d56 -> 
========================================================================
Received Import Request.
  Time since last request: 45.053767 seconds.
  path: Assets/QuantumRaven/Art/Enviroment/Trees/Tree03/Tree03_Size3_Green/Tree03_Size3_body.png
  artifactKey: Guid(31e37e6e398225a4d96c43c23ef05a7e) Importer(815301076,1909f56bfc062723c751e8b465ee728b)
Start importing Assets/QuantumRaven/Art/Enviroment/Trees/Tree03/Tree03_Size3_Green/Tree03_Size3_body.png using Guid(31e37e6e398225a4d96c43c23ef05a7e) Importer(815301076,1909f56bfc062723c751e8b465ee728b)  -> (artifact id: '8f718d341e7d198343e8209d3ed0cf00') in 0.049962 seconds 
========================================================================
Received Import Request.
  Time since last request: 36.588716 seconds.
  path: Assets/QuantumRaven/Art/Enviroment/Trees/Tree02/Tree02_Size3_Color2/Tree02_body.png
  artifactKey: Guid(cc461b24dd5a3d349b91aa2d83c40a08) Importer(815301076,1909f56bfc062723c751e8b465ee728b)
Start importing Assets/QuantumRaven/Art/Enviroment/Trees/Tree02/Tree02_Size3_Color2/Tree02_body.png using Guid(cc461b24dd5a3d349b91aa2d83c40a08) Importer(815301076,1909f56bfc062723c751e8b465ee728b)  -> (artifact id: '80f0e102735148e3dad0e2185bcf44ba') in 0.014529 seconds 
========================================================================
Received Import Request.
  Time since last request: 4.080579 seconds.
  path: Assets/QuantumRaven/Art/Enviroment/Trees/Tree02/Tree02_Size3_Color2/Tree02_Sapling.png
  artifactKey: Guid(228a7ab715f45bb4fbfa8b14e2b7f006) Importer(815301076,1909f56bfc062723c751e8b465ee728b)
Start importing Assets/QuantumRaven/Art/Enviroment/Trees/Tree02/Tree02_Size3_Color2/Tree02_Sapling.png using Guid(228a7ab715f45bb4fbfa8b14e2b7f006) Importer(815301076,1909f56bfc062723c751e8b465ee728b)  -> (artifact id: '166d26c248b7f291c899be52e11a0fbc') in 0.024768 seconds 
========================================================================
Received Import Request.
  Time since last request: 4.274873 seconds.
  path: Assets/QuantumRaven/Art/Enviroment/Trees/Tree02/Tree02_Size3_Color2/Tree02_Seed.png
  artifactKey: Guid(8d95f0434eade8e47a328e014e1bff16) Importer(815301076,1909f56bfc062723c751e8b465ee728b)
Start importing Assets/QuantumRaven/Art/Enviroment/Trees/Tree02/Tree02_Size3_Color2/Tree02_Seed.png using Guid(8d95f0434eade8e47a328e014e1bff16) Importer(815301076,1909f56bfc062723c751e8b465ee728b)  -> (artifact id: 'eae79bcef2a85a61090041dc4ef06b91') in 0.090912 seconds 
========================================================================
Received Import Request.
  Time since last request: 5.296696 seconds.
  path: Assets/QuantumRaven/Art/Enviroment/Trees/Tree02/Tree02_Size3_Color2/Tree02_Size3_body.png
  artifactKey: Guid(fc6d1c81d5e24374894751d3647085da) Importer(815301076,1909f56bfc062723c751e8b465ee728b)
Start importing Assets/QuantumRaven/Art/Enviroment/Trees/Tree02/Tree02_Size3_Color2/Tree02_Size3_body.png using Guid(fc6d1c81d5e24374894751d3647085da) Importer(815301076,1909f56bfc062723c751e8b465ee728b)  -> (artifact id: 'e49c106f6852e8d48f75efa7ea998b2b') in 0.027050 seconds 
========================================================================
Received Import Request.
  Time since last request: 4.425629 seconds.
  path: Assets/QuantumRaven/Art/Enviroment/Trees/Tree02/Tree02_Size3_Color2/Tree02_Size3_tunk.png
  artifactKey: Guid(a0e7c94640048b54f94ee9e227e79c01) Importer(815301076,1909f56bfc062723c751e8b465ee728b)
Start importing Assets/QuantumRaven/Art/Enviroment/Trees/Tree02/Tree02_Size3_Color2/Tree02_Size3_tunk.png using Guid(a0e7c94640048b54f94ee9e227e79c01) Importer(815301076,1909f56bfc062723c751e8b465ee728b)  -> (artifact id: '28eea00dc6fa2a266a7e704dd1a5b131') in 0.012474 seconds 
========================================================================
Received Prepare
Registering precompiled user dll's ...
Registered in 0.008281 seconds.
Begin MonoManager ReloadAssembly
Native extension for WindowsStandalone target not found
Native extension for WebGL target not found
Refreshing native plugins compatible for Editor in 0.69 ms, found 1 plugins.
Preloading 0 native plugins for Editor in 0.00 ms.
Mono: successfully reloaded assembly
- Completed reload, in  0.675 seconds
Domain Reload Profiling:
	ReloadAssembly (676ms)
		BeginReloadAssembly (90ms)
			ExecutionOrderSort (0ms)
			DisableScriptedObjects (5ms)
			BackupInstance (0ms)
			ReleaseScriptingObjects (0ms)
			CreateAndSetChildDomain (19ms)
		EndReloadAssembly (505ms)
			LoadAssemblies (66ms)
			RebuildTransferFunctionScriptingTraits (0ms)
			SetupTypeCache (131ms)
			ReleaseScriptCaches (1ms)
			RebuildScriptCaches (31ms)
			SetupLoadedEditorAssemblies (239ms)
				LogAssemblyErrors (0ms)
				InitializePlatformSupportModulesInManaged (5ms)
				SetLoadedEditorAssemblies (0ms)
				RefreshPlugins (1ms)
				BeforeProcessingInitializeOnLoad (55ms)
				ProcessInitializeOnLoadAttributes (112ms)
				ProcessInitializeOnLoadMethodAttributes (55ms)
				AfterProcessingInitializeOnLoad (10ms)
				EditorAssembliesLoaded (0ms)
			ExecutionOrderSort2 (0ms)
			AwakeInstancesAfterBackupRestoration (7ms)
Platform modules already initialized, skipping
Refreshing native plugins compatible for Editor in 2.16 ms, found 1 plugins.
Preloading 0 native plugins for Editor in 0.00 ms.
Unloading 2143 Unused Serialized files (Serialized files now loaded: 0)
Unloading 27 unused Assets / (93.9 KB). Loaded Objects now: 2774.
Memory consumption went from 114.9 MB to 114.8 MB.
Total: 2.406800 ms (FindLiveObjects: 0.133700 ms CreateObjectMapping: 0.084300 ms MarkObjects: 2.152400 ms  DeleteObjects: 0.035400 ms)

AssetImportParameters requested are different than current active one (requested -> active):
  custom:video-decoder-ogg-theora: a1e56fd34408186e4bbccfd4996cb3dc -> 
  custom:container-muxer-webm: aa71ff27fc2769a1b78a27578f13a17b -> 
  custom:container-demuxer-webm: 4f35f7cbe854078d1ac9338744f61a02 -> 
  custom:video-encoder-webm-vp8: eb34c28f22e8b96e1ab97ce403110664 -> 
  custom:CustomObjectIndexerAttribute: bc11b3a6c3213fcdd17b65e7da85e133 -> 
  custom:audio-encoder-webm-vorbis: bf7c407c2cedff20999df2af8eb42d56 -> 
  custom:framework-win-MediaFoundation: 216162199b28c13a410421893ffa2e32 -> 
  custom:container-demuxer-ogg: 62fdf1f143b41e24485cea50d1cbac27 -> 
  custom:video-decoder-webm-vp8: 9c59270c3fd7afecdb556c50c9e8de78 -> 
  custom:audio-decoder-ogg-vorbis: bf7c407c2cedff20999df2af8eb42d56 -> 
========================================================================
Received Prepare
Registering precompiled user dll's ...
Registered in 0.012412 seconds.
Begin MonoManager ReloadAssembly
Native extension for WindowsStandalone target not found
Native extension for WebGL target not found
Refreshing native plugins compatible for Editor in 0.66 ms, found 1 plugins.
Preloading 0 native plugins for Editor in 0.00 ms.
Mono: successfully reloaded assembly
- Completed reload, in  0.709 seconds
Domain Reload Profiling:
	ReloadAssembly (709ms)
		BeginReloadAssembly (99ms)
			ExecutionOrderSort (0ms)
			DisableScriptedObjects (5ms)
			BackupInstance (0ms)
			ReleaseScriptingObjects (0ms)
			CreateAndSetChildDomain (19ms)
		EndReloadAssembly (522ms)
			LoadAssemblies (63ms)
			RebuildTransferFunctionScriptingTraits (0ms)
			SetupTypeCache (115ms)
			ReleaseScriptCaches (1ms)
			RebuildScriptCaches (32ms)
			SetupLoadedEditorAssemblies (266ms)
				LogAssemblyErrors (0ms)
				InitializePlatformSupportModulesInManaged (5ms)
				SetLoadedEditorAssemblies (0ms)
				RefreshPlugins (1ms)
				BeforeProcessingInitializeOnLoad (52ms)
				ProcessInitializeOnLoadAttributes (133ms)
				ProcessInitializeOnLoadMethodAttributes (62ms)
				AfterProcessingInitializeOnLoad (12ms)
				EditorAssembliesLoaded (0ms)
			ExecutionOrderSort2 (0ms)
			AwakeInstancesAfterBackupRestoration (7ms)
Platform modules already initialized, skipping
Refreshing native plugins compatible for Editor in 2.05 ms, found 1 plugins.
Preloading 0 native plugins for Editor in 0.00 ms.
Unloading 2143 Unused Serialized files (Serialized files now loaded: 0)
Unloading 27 unused Assets / (92.7 KB). Loaded Objects now: 2789.
Memory consumption went from 114.9 MB to 114.8 MB.
Total: 2.515800 ms (FindLiveObjects: 0.197400 ms CreateObjectMapping: 0.057700 ms MarkObjects: 2.221100 ms  DeleteObjects: 0.038500 ms)

AssetImportParameters requested are different than current active one (requested -> active):
  custom:video-decoder-ogg-theora: a1e56fd34408186e4bbccfd4996cb3dc -> 
  custom:container-muxer-webm: aa71ff27fc2769a1b78a27578f13a17b -> 
  custom:container-demuxer-webm: 4f35f7cbe854078d1ac9338744f61a02 -> 
  custom:video-encoder-webm-vp8: eb34c28f22e8b96e1ab97ce403110664 -> 
  custom:CustomObjectIndexerAttribute: bc11b3a6c3213fcdd17b65e7da85e133 -> 
  custom:audio-encoder-webm-vorbis: bf7c407c2cedff20999df2af8eb42d56 -> 
  custom:framework-win-MediaFoundation: 216162199b28c13a410421893ffa2e32 -> 
  custom:container-demuxer-ogg: 62fdf1f143b41e24485cea50d1cbac27 -> 
  custom:video-decoder-webm-vp8: 9c59270c3fd7afecdb556c50c9e8de78 -> 
  custom:audio-decoder-ogg-vorbis: bf7c407c2cedff20999df2af8eb42d56 -> 
========================================================================
Received Import Request.
  Time since last request: 2172.378511 seconds.
  path: Assets/QuantumRaven/Art/Items/Icon/ItemEditor/Tools/water_bottle.png
  artifactKey: Guid(316d89af4483b4f4c9dcf7d17c1accee) Importer(815301076,1909f56bfc062723c751e8b465ee728b)
Start importing Assets/QuantumRaven/Art/Items/Icon/ItemEditor/Tools/water_bottle.png using Guid(316d89af4483b4f4c9dcf7d17c1accee) Importer(815301076,1909f56bfc062723c751e8b465ee728b)  -> (artifact id: 'aefdd841b328c025da454855549cbe64') in 0.060965 seconds 
========================================================================
Received Import Request.
  Time since last request: 4.670689 seconds.
  path: Assets/QuantumRaven/Art/Items/Icon/ItemEditor/Tools/water_bottle.png
  artifactKey: Guid(316d89af4483b4f4c9dcf7d17c1accee) Importer(815301076,1909f56bfc062723c751e8b465ee728b)
Start importing Assets/QuantumRaven/Art/Items/Icon/ItemEditor/Tools/water_bottle.png using Guid(316d89af4483b4f4c9dcf7d17c1accee) Importer(815301076,1909f56bfc062723c751e8b465ee728b)  -> (artifact id: 'c2f6dfb09e6ada1f9608a6a4af0128c6') in 0.041029 seconds 
========================================================================
Received Prepare
Registering precompiled user dll's ...
Registered in 0.009892 seconds.
Begin MonoManager ReloadAssembly
Native extension for WindowsStandalone target not found
Native extension for WebGL target not found
Refreshing native plugins compatible for Editor in 0.66 ms, found 1 plugins.
Preloading 0 native plugins for Editor in 0.00 ms.
Mono: successfully reloaded assembly
- Completed reload, in  0.650 seconds
Domain Reload Profiling:
	ReloadAssembly (651ms)
		BeginReloadAssembly (102ms)
			ExecutionOrderSort (0ms)
			DisableScriptedObjects (5ms)
			BackupInstance (0ms)
			ReleaseScriptingObjects (0ms)
			CreateAndSetChildDomain (20ms)
		EndReloadAssembly (466ms)
			LoadAssemblies (69ms)
			RebuildTransferFunctionScriptingTraits (0ms)
			SetupTypeCache (116ms)
			ReleaseScriptCaches (1ms)
			RebuildScriptCaches (30ms)
			SetupLoadedEditorAssemblies (210ms)
				LogAssemblyErrors (0ms)
				InitializePlatformSupportModulesInManaged (5ms)
				SetLoadedEditorAssemblies (0ms)
				RefreshPlugins (1ms)
				BeforeProcessingInitializeOnLoad (50ms)
				ProcessInitializeOnLoadAttributes (99ms)
				ProcessInitializeOnLoadMethodAttributes (46ms)
				AfterProcessingInitializeOnLoad (8ms)
				EditorAssembliesLoaded (0ms)
			ExecutionOrderSort2 (0ms)
			AwakeInstancesAfterBackupRestoration (10ms)
Platform modules already initialized, skipping
Refreshing native plugins compatible for Editor in 2.24 ms, found 1 plugins.
Preloading 0 native plugins for Editor in 0.00 ms.
Unloading 2143 Unused Serialized files (Serialized files now loaded: 0)
Unloading 27 unused Assets / (92.7 KB). Loaded Objects now: 2806.
Memory consumption went from 114.9 MB to 114.8 MB.
Total: 2.457400 ms (FindLiveObjects: 0.172900 ms CreateObjectMapping: 0.066600 ms MarkObjects: 2.183900 ms  DeleteObjects: 0.032500 ms)

AssetImportParameters requested are different than current active one (requested -> active):
  custom:video-decoder-ogg-theora: a1e56fd34408186e4bbccfd4996cb3dc -> 
  custom:container-muxer-webm: aa71ff27fc2769a1b78a27578f13a17b -> 
  custom:container-demuxer-webm: 4f35f7cbe854078d1ac9338744f61a02 -> 
  custom:video-encoder-webm-vp8: eb34c28f22e8b96e1ab97ce403110664 -> 
  custom:CustomObjectIndexerAttribute: bc11b3a6c3213fcdd17b65e7da85e133 -> 
  custom:audio-encoder-webm-vorbis: bf7c407c2cedff20999df2af8eb42d56 -> 
  custom:framework-win-MediaFoundation: 216162199b28c13a410421893ffa2e32 -> 
  custom:container-demuxer-ogg: 62fdf1f143b41e24485cea50d1cbac27 -> 
  custom:video-decoder-webm-vp8: 9c59270c3fd7afecdb556c50c9e8de78 -> 
  custom:audio-decoder-ogg-vorbis: bf7c407c2cedff20999df2af8eb42d56 -> 
========================================================================
Received Prepare
Registering precompiled user dll's ...
Registered in 0.011139 seconds.
Begin MonoManager ReloadAssembly
Native extension for WindowsStandalone target not found
Native extension for WebGL target not found
Refreshing native plugins compatible for Editor in 0.67 ms, found 1 plugins.
Preloading 0 native plugins for Editor in 0.00 ms.
Mono: successfully reloaded assembly
- Completed reload, in  0.656 seconds
Domain Reload Profiling:
	ReloadAssembly (657ms)
		BeginReloadAssembly (102ms)
			ExecutionOrderSort (0ms)
			DisableScriptedObjects (4ms)
			BackupInstance (0ms)
			ReleaseScriptingObjects (0ms)
			CreateAndSetChildDomain (19ms)
		EndReloadAssembly (478ms)
			LoadAssemblies (67ms)
			RebuildTransferFunctionScriptingTraits (0ms)
			SetupTypeCache (113ms)
			ReleaseScriptCaches (1ms)
			RebuildScriptCaches (29ms)
			SetupLoadedEditorAssemblies (233ms)
				LogAssemblyErrors (0ms)
				InitializePlatformSupportModulesInManaged (5ms)
				SetLoadedEditorAssemblies (0ms)
				RefreshPlugins (1ms)
				BeforeProcessingInitializeOnLoad (52ms)
				ProcessInitializeOnLoadAttributes (110ms)
				ProcessInitializeOnLoadMethodAttributes (56ms)
				AfterProcessingInitializeOnLoad (9ms)
				EditorAssembliesLoaded (0ms)
			ExecutionOrderSort2 (0ms)
			AwakeInstancesAfterBackupRestoration (8ms)
Platform modules already initialized, skipping
Refreshing native plugins compatible for Editor in 2.19 ms, found 1 plugins.
Preloading 0 native plugins for Editor in 0.00 ms.
Unloading 2143 Unused Serialized files (Serialized files now loaded: 0)
Unloading 27 unused Assets / (92.8 KB). Loaded Objects now: 2821.
Memory consumption went from 114.9 MB to 114.8 MB.
Total: 1.958500 ms (FindLiveObjects: 0.137500 ms CreateObjectMapping: 0.056600 ms MarkObjects: 1.731600 ms  DeleteObjects: 0.031700 ms)

AssetImportParameters requested are different than current active one (requested -> active):
  custom:video-decoder-ogg-theora: a1e56fd34408186e4bbccfd4996cb3dc -> 
  custom:container-muxer-webm: aa71ff27fc2769a1b78a27578f13a17b -> 
  custom:container-demuxer-webm: 4f35f7cbe854078d1ac9338744f61a02 -> 
  custom:video-encoder-webm-vp8: eb34c28f22e8b96e1ab97ce403110664 -> 
  custom:CustomObjectIndexerAttribute: bc11b3a6c3213fcdd17b65e7da85e133 -> 
  custom:audio-encoder-webm-vorbis: bf7c407c2cedff20999df2af8eb42d56 -> 
  custom:framework-win-MediaFoundation: 216162199b28c13a410421893ffa2e32 -> 
  custom:container-demuxer-ogg: 62fdf1f143b41e24485cea50d1cbac27 -> 
  custom:video-decoder-webm-vp8: 9c59270c3fd7afecdb556c50c9e8de78 -> 
  custom:audio-decoder-ogg-vorbis: bf7c407c2cedff20999df2af8eb42d56 -> 
========================================================================
Received Prepare
Registering precompiled user dll's ...
Registered in 0.011582 seconds.
Begin MonoManager ReloadAssembly
Native extension for WindowsStandalone target not found
Native extension for WebGL target not found
Refreshing native plugins compatible for Editor in 0.88 ms, found 1 plugins.
Preloading 0 native plugins for Editor in 0.00 ms.
Mono: successfully reloaded assembly
- Completed reload, in  0.677 seconds
Domain Reload Profiling:
	ReloadAssembly (677ms)
		BeginReloadAssembly (105ms)
			ExecutionOrderSort (0ms)
			DisableScriptedObjects (4ms)
			BackupInstance (0ms)
			ReleaseScriptingObjects (0ms)
			CreateAndSetChildDomain (18ms)
		EndReloadAssembly (496ms)
			LoadAssemblies (72ms)
			RebuildTransferFunctionScriptingTraits (0ms)
			SetupTypeCache (115ms)
			ReleaseScriptCaches (1ms)
			RebuildScriptCaches (32ms)
			SetupLoadedEditorAssemblies (239ms)
				LogAssemblyErrors (0ms)
				InitializePlatformSupportModulesInManaged (6ms)
				SetLoadedEditorAssemblies (0ms)
				RefreshPlugins (1ms)
				BeforeProcessingInitializeOnLoad (48ms)
				ProcessInitializeOnLoadAttributes (110ms)
				ProcessInitializeOnLoadMethodAttributes (62ms)
				AfterProcessingInitializeOnLoad (12ms)
				EditorAssembliesLoaded (0ms)
			ExecutionOrderSort2 (0ms)
			AwakeInstancesAfterBackupRestoration (8ms)
Platform modules already initialized, skipping
Refreshing native plugins compatible for Editor in 2.35 ms, found 1 plugins.
Preloading 0 native plugins for Editor in 0.00 ms.
Unloading 2143 Unused Serialized files (Serialized files now loaded: 0)
Unloading 27 unused Assets / (92.7 KB). Loaded Objects now: 2836.
Memory consumption went from 114.9 MB to 114.8 MB.
Total: 2.364200 ms (FindLiveObjects: 0.226300 ms CreateObjectMapping: 0.057500 ms MarkObjects: 2.045200 ms  DeleteObjects: 0.034200 ms)

AssetImportParameters requested are different than current active one (requested -> active):
  custom:video-decoder-ogg-theora: a1e56fd34408186e4bbccfd4996cb3dc -> 
  custom:container-muxer-webm: aa71ff27fc2769a1b78a27578f13a17b -> 
  custom:container-demuxer-webm: 4f35f7cbe854078d1ac9338744f61a02 -> 
  custom:video-encoder-webm-vp8: eb34c28f22e8b96e1ab97ce403110664 -> 
  custom:CustomObjectIndexerAttribute: bc11b3a6c3213fcdd17b65e7da85e133 -> 
  custom:audio-encoder-webm-vorbis: bf7c407c2cedff20999df2af8eb42d56 -> 
  custom:framework-win-MediaFoundation: 216162199b28c13a410421893ffa2e32 -> 
  custom:container-demuxer-ogg: 62fdf1f143b41e24485cea50d1cbac27 -> 
  custom:video-decoder-webm-vp8: 9c59270c3fd7afecdb556c50c9e8de78 -> 
  custom:audio-decoder-ogg-vorbis: bf7c407c2cedff20999df2af8eb42d56 -> 
========================================================================
Received Import Request.
  Time since last request: 469.219718 seconds.
  path: Assets/QuantumRaven/Art/Items/Icon/ItemEditor/Tools/water_bottle.png
  artifactKey: Guid(316d89af4483b4f4c9dcf7d17c1accee) Importer(815301076,1909f56bfc062723c751e8b465ee728b)
Start importing Assets/QuantumRaven/Art/Items/Icon/ItemEditor/Tools/water_bottle.png using Guid(316d89af4483b4f4c9dcf7d17c1accee) Importer(815301076,1909f56bfc062723c751e8b465ee728b)  -> (artifact id: 'db3cb06d774fbd7e5e9d786b1ad1316d') in 0.070384 seconds 
========================================================================
Received Import Request.
  Time since last request: 9.357048 seconds.
  path: Assets/QuantumRaven/Art/Items/Icon/ItemEditor/Tools/Pickaxe_icon.png
  artifactKey: Guid(d7ce31dcaffd6574ca4cbdd739905190) Importer(815301076,1909f56bfc062723c751e8b465ee728b)
Start importing Assets/QuantumRaven/Art/Items/Icon/ItemEditor/Tools/Pickaxe_icon.png using Guid(d7ce31dcaffd6574ca4cbdd739905190) Importer(815301076,1909f56bfc062723c751e8b465ee728b)  -> (artifact id: '3abcaf06b4d91836d0e764597cef9787') in 0.013447 seconds 
========================================================================
Received Import Request.
  Time since last request: 4.157802 seconds.
  path: Assets/QuantumRaven/Art/Items/Icon/ItemEditor/Tools/Fishing_rod_icon.png
  artifactKey: Guid(a7baa730bc9cba3468d3e0341ada1de0) Importer(815301076,1909f56bfc062723c751e8b465ee728b)
Start importing Assets/QuantumRaven/Art/Items/Icon/ItemEditor/Tools/Fishing_rod_icon.png using Guid(a7baa730bc9cba3468d3e0341ada1de0) Importer(815301076,1909f56bfc062723c751e8b465ee728b)  -> (artifact id: '9bfbc0397f50e6e9fafca395c0958480') in 0.012621 seconds 
========================================================================
Received Import Request.
  Time since last request: 3.419561 seconds.
  path: Assets/QuantumRaven/Art/Items/Icon/ItemEditor/Tools/Fishing_rod_icon.png
  artifactKey: Guid(a7baa730bc9cba3468d3e0341ada1de0) Importer(815301076,1909f56bfc062723c751e8b465ee728b)
Start importing Assets/QuantumRaven/Art/Items/Icon/ItemEditor/Tools/Fishing_rod_icon.png using Guid(a7baa730bc9cba3468d3e0341ada1de0) Importer(815301076,1909f56bfc062723c751e8b465ee728b)  -> (artifact id: '5f87056395f9796371945635fc69ac58') in 0.023526 seconds 
========================================================================
Received Import Request.
  Time since last request: 4.182004 seconds.
  path: Assets/QuantumRaven/Art/Items/Icon/ItemEditor/Tools/Pickaxe_icon.png
  artifactKey: Guid(d7ce31dcaffd6574ca4cbdd739905190) Importer(815301076,1909f56bfc062723c751e8b465ee728b)
Start importing Assets/QuantumRaven/Art/Items/Icon/ItemEditor/Tools/Pickaxe_icon.png using Guid(d7ce31dcaffd6574ca4cbdd739905190) Importer(815301076,1909f56bfc062723c751e8b465ee728b)  -> (artifact id: '5c3b3e35f638c826e006ccf7c110309a') in 0.034174 seconds 
========================================================================
Received Import Request.
  Time since last request: 3.373742 seconds.
  path: Assets/QuantumRaven/Art/Items/Icon/ItemEditor/Tools/Shovel_icon.png
  artifactKey: Guid(98df1375360160c4f9e1b8fe5755ec95) Importer(815301076,1909f56bfc062723c751e8b465ee728b)
Start importing Assets/QuantumRaven/Art/Items/Icon/ItemEditor/Tools/Shovel_icon.png using Guid(98df1375360160c4f9e1b8fe5755ec95) Importer(815301076,1909f56bfc062723c751e8b465ee728b)  -> (artifact id: '21537f1be949e6f872be27ad76e34288') in 0.011882 seconds 
========================================================================
Received Import Request.
  Time since last request: 4.824942 seconds.
  path: Assets/QuantumRaven/Art/Items/Icon/ItemEditor/Tools/Sickle_icon.png
  artifactKey: Guid(0fab159face01e44f9e730edf88c086f) Importer(815301076,1909f56bfc062723c751e8b465ee728b)
Start importing Assets/QuantumRaven/Art/Items/Icon/ItemEditor/Tools/Sickle_icon.png using Guid(0fab159face01e44f9e730edf88c086f) Importer(815301076,1909f56bfc062723c751e8b465ee728b)  -> (artifact id: 'da52f631295fb7e640dce3a959737ec7') in 0.013125 seconds 
========================================================================
Received Prepare
Registering precompiled user dll's ...
Registered in 0.008536 seconds.
Begin MonoManager ReloadAssembly
Native extension for WindowsStandalone target not found
Native extension for WebGL target not found
Refreshing native plugins compatible for Editor in 1.00 ms, found 1 plugins.
Preloading 0 native plugins for Editor in 0.00 ms.
Mono: successfully reloaded assembly
- Completed reload, in  0.641 seconds
Domain Reload Profiling:
	ReloadAssembly (642ms)
		BeginReloadAssembly (105ms)
			ExecutionOrderSort (0ms)
			DisableScriptedObjects (5ms)
			BackupInstance (0ms)
			ReleaseScriptingObjects (0ms)
			CreateAndSetChildDomain (26ms)
		EndReloadAssembly (460ms)
			LoadAssemblies (64ms)
			RebuildTransferFunctionScriptingTraits (0ms)
			SetupTypeCache (120ms)
			ReleaseScriptCaches (1ms)
			RebuildScriptCaches (30ms)
			SetupLoadedEditorAssemblies (211ms)
				LogAssemblyErrors (0ms)
				InitializePlatformSupportModulesInManaged (6ms)
				SetLoadedEditorAssemblies (1ms)
				RefreshPlugins (1ms)
				BeforeProcessingInitializeOnLoad (47ms)
				ProcessInitializeOnLoadAttributes (101ms)
				ProcessInitializeOnLoadMethodAttributes (47ms)
				AfterProcessingInitializeOnLoad (9ms)
				EditorAssembliesLoaded (0ms)
			ExecutionOrderSort2 (0ms)
			AwakeInstancesAfterBackupRestoration (7ms)
Platform modules already initialized, skipping
Refreshing native plugins compatible for Editor in 1.62 ms, found 1 plugins.
Preloading 0 native plugins for Editor in 0.00 ms.
Unloading 2143 Unused Serialized files (Serialized files now loaded: 0)
Unloading 27 unused Assets / (92.7 KB). Loaded Objects now: 2853.
Memory consumption went from 115.0 MB to 114.9 MB.
Total: 2.214500 ms (FindLiveObjects: 0.142700 ms CreateObjectMapping: 0.064500 ms MarkObjects: 1.970300 ms  DeleteObjects: 0.036100 ms)

AssetImportParameters requested are different than current active one (requested -> active):
  custom:video-decoder-ogg-theora: a1e56fd34408186e4bbccfd4996cb3dc -> 
  custom:container-muxer-webm: aa71ff27fc2769a1b78a27578f13a17b -> 
  custom:container-demuxer-webm: 4f35f7cbe854078d1ac9338744f61a02 -> 
  custom:video-encoder-webm-vp8: eb34c28f22e8b96e1ab97ce403110664 -> 
  custom:CustomObjectIndexerAttribute: bc11b3a6c3213fcdd17b65e7da85e133 -> 
  custom:audio-encoder-webm-vorbis: bf7c407c2cedff20999df2af8eb42d56 -> 
  custom:framework-win-MediaFoundation: 216162199b28c13a410421893ffa2e32 -> 
  custom:container-demuxer-ogg: 62fdf1f143b41e24485cea50d1cbac27 -> 
  custom:video-decoder-webm-vp8: 9c59270c3fd7afecdb556c50c9e8de78 -> 
  custom:audio-decoder-ogg-vorbis: bf7c407c2cedff20999df2af8eb42d56 -> 
========================================================================
Received Import Request.
  Time since last request: 37.726183 seconds.
  path: Assets/QuantumRaven/Art/Items/Icon/ItemEditor/Tools/water_bottle.png
  artifactKey: Guid(316d89af4483b4f4c9dcf7d17c1accee) Importer(815301076,1909f56bfc062723c751e8b465ee728b)
Start importing Assets/QuantumRaven/Art/Items/Icon/ItemEditor/Tools/water_bottle.png using Guid(316d89af4483b4f4c9dcf7d17c1accee) Importer(815301076,1909f56bfc062723c751e8b465ee728b)  -> (artifact id: '676b975a1abd520e9d7e322aa08351f6') in 0.056784 seconds 
========================================================================
Received Import Request.
  Time since last request: 9.389164 seconds.
  path: Assets/QuantumRaven/Art/Items/Icon/ItemEditor/Tools/water_bottle.png
  artifactKey: Guid(316d89af4483b4f4c9dcf7d17c1accee) Importer(815301076,1909f56bfc062723c751e8b465ee728b)
Start importing Assets/QuantumRaven/Art/Items/Icon/ItemEditor/Tools/water_bottle.png using Guid(316d89af4483b4f4c9dcf7d17c1accee) Importer(815301076,1909f56bfc062723c751e8b465ee728b)  -> (artifact id: 'fac79db07db41da332a8c18d2e5246b2') in 0.010068 seconds 
========================================================================
Received Prepare
Registering precompiled user dll's ...
Registered in 0.008891 seconds.
Begin MonoManager ReloadAssembly
Native extension for WindowsStandalone target not found
Native extension for WebGL target not found
Refreshing native plugins compatible for Editor in 0.67 ms, found 1 plugins.
Preloading 0 native plugins for Editor in 0.00 ms.
Mono: successfully reloaded assembly
- Completed reload, in  0.656 seconds
Domain Reload Profiling:
	ReloadAssembly (656ms)
		BeginReloadAssembly (109ms)
			ExecutionOrderSort (0ms)
			DisableScriptedObjects (5ms)
			BackupInstance (0ms)
			ReleaseScriptingObjects (0ms)
			CreateAndSetChildDomain (23ms)
		EndReloadAssembly (470ms)
			LoadAssemblies (73ms)
			RebuildTransferFunctionScriptingTraits (0ms)
			SetupTypeCache (133ms)
			ReleaseScriptCaches (1ms)
			RebuildScriptCaches (29ms)
			SetupLoadedEditorAssemblies (208ms)
				LogAssemblyErrors (0ms)
				InitializePlatformSupportModulesInManaged (5ms)
				SetLoadedEditorAssemblies (0ms)
				RefreshPlugins (1ms)
				BeforeProcessingInitializeOnLoad (46ms)
				ProcessInitializeOnLoadAttributes (102ms)
				ProcessInitializeOnLoadMethodAttributes (46ms)
				AfterProcessingInitializeOnLoad (8ms)
				EditorAssembliesLoaded (0ms)
			ExecutionOrderSort2 (0ms)
			AwakeInstancesAfterBackupRestoration (5ms)
Platform modules already initialized, skipping
Refreshing native plugins compatible for Editor in 2.42 ms, found 1 plugins.
Preloading 0 native plugins for Editor in 0.00 ms.
Unloading 2143 Unused Serialized files (Serialized files now loaded: 0)
Unloading 27 unused Assets / (92.7 KB). Loaded Objects now: 2868.
Memory consumption went from 115.0 MB to 114.9 MB.
Total: 2.395300 ms (FindLiveObjects: 0.209200 ms CreateObjectMapping: 0.103700 ms MarkObjects: 2.044800 ms  DeleteObjects: 0.036700 ms)

AssetImportParameters requested are different than current active one (requested -> active):
  custom:video-decoder-ogg-theora: a1e56fd34408186e4bbccfd4996cb3dc -> 
  custom:container-muxer-webm: aa71ff27fc2769a1b78a27578f13a17b -> 
  custom:container-demuxer-webm: 4f35f7cbe854078d1ac9338744f61a02 -> 
  custom:video-encoder-webm-vp8: eb34c28f22e8b96e1ab97ce403110664 -> 
  custom:CustomObjectIndexerAttribute: bc11b3a6c3213fcdd17b65e7da85e133 -> 
  custom:audio-encoder-webm-vorbis: bf7c407c2cedff20999df2af8eb42d56 -> 
  custom:framework-win-MediaFoundation: 216162199b28c13a410421893ffa2e32 -> 
  custom:container-demuxer-ogg: 62fdf1f143b41e24485cea50d1cbac27 -> 
  custom:video-decoder-webm-vp8: 9c59270c3fd7afecdb556c50c9e8de78 -> 
  custom:audio-decoder-ogg-vorbis: bf7c407c2cedff20999df2af8eb42d56 -> 
========================================================================
Received Import Request.
  Time since last request: 1465.811017 seconds.
  path: Assets/Prefabs/Enviroment/Tree/Tree01/Tree01_Size4_Green.prefab
  artifactKey: Guid(19052b664893ec243891fc590421545c) Importer(815301076,1909f56bfc062723c751e8b465ee728b)
Start importing Assets/Prefabs/Enviroment/Tree/Tree01/Tree01_Size4_Green.prefab using Guid(19052b664893ec243891fc590421545c) Importer(815301076,1909f56bfc062723c751e8b465ee728b)  -> (artifact id: 'fd13afca40b77909f08a5fc0c3e1751a') in 0.045096 seconds 
========================================================================
Received Import Request.
  Time since last request: 2.300481 seconds.
  path: Assets/Prefabs/Enviroment/Tree/Tree01/Tree01_Size4_Green.prefab
  artifactKey: Guid(19052b664893ec243891fc590421545c) Importer(815301076,1909f56bfc062723c751e8b465ee728b)
Start importing Assets/Prefabs/Enviroment/Tree/Tree01/Tree01_Size4_Green.prefab using Guid(19052b664893ec243891fc590421545c) Importer(815301076,1909f56bfc062723c751e8b465ee728b)  -> (artifact id: 'a374f824bb6d3446249c759a2cbd41f8') in 0.005863 seconds 
========================================================================
Received Import Request.
  Time since last request: 2.408667 seconds.
  path: Assets/Prefabs/Enviroment/Tree/Tree01/Tree01_Size4_Green.prefab
  artifactKey: Guid(19052b664893ec243891fc590421545c) Importer(815301076,1909f56bfc062723c751e8b465ee728b)
Start importing Assets/Prefabs/Enviroment/Tree/Tree01/Tree01_Size4_Green.prefab using Guid(19052b664893ec243891fc590421545c) Importer(815301076,1909f56bfc062723c751e8b465ee728b)  -> (artifact id: 'a4d0f2564563f8c8bf9acb89c8ed34f4') in 0.007990 seconds 
========================================================================
Received Import Request.
  Time since last request: 0.995233 seconds.
  path: Assets/Prefabs/Enviroment/Tree/Tree01/Tree01_Size4_Green.prefab
  artifactKey: Guid(19052b664893ec243891fc590421545c) Importer(815301076,1909f56bfc062723c751e8b465ee728b)
Start importing Assets/Prefabs/Enviroment/Tree/Tree01/Tree01_Size4_Green.prefab using Guid(19052b664893ec243891fc590421545c) Importer(815301076,1909f56bfc062723c751e8b465ee728b)  -> (artifact id: '7ec9a06da4436e0e6ad219a80f3d6b05') in 0.017702 seconds 
========================================================================
Received Import Request.
  Time since last request: 1.589368 seconds.
  path: Assets/Prefabs/Enviroment/Tree/Tree01/Tree01_Size4_Green.prefab
  artifactKey: Guid(19052b664893ec243891fc590421545c) Importer(815301076,1909f56bfc062723c751e8b465ee728b)
Start importing Assets/Prefabs/Enviroment/Tree/Tree01/Tree01_Size4_Green.prefab using Guid(19052b664893ec243891fc590421545c) Importer(815301076,1909f56bfc062723c751e8b465ee728b)  -> (artifact id: '6b7eea5b43d8351f8974f9d470fc06b1') in 0.005960 seconds 
========================================================================
Received Import Request.
  Time since last request: 5.842652 seconds.
  path: Assets/Prefabs/Enviroment/Tree/Tree01/Tree01_Size4_Green.prefab
  artifactKey: Guid(19052b664893ec243891fc590421545c) Importer(815301076,1909f56bfc062723c751e8b465ee728b)
Start importing Assets/Prefabs/Enviroment/Tree/Tree01/Tree01_Size4_Green.prefab using Guid(19052b664893ec243891fc590421545c) Importer(815301076,1909f56bfc062723c751e8b465ee728b)  -> (artifact id: '4f9d6dcea09c6caa391491a692ad78f6') in 0.008895 seconds 
========================================================================
Received Prepare
Registering precompiled user dll's ...
Registered in 0.007711 seconds.
Begin MonoManager ReloadAssembly
Native extension for WindowsStandalone target not found
Native extension for WebGL target not found
Refreshing native plugins compatible for Editor in 0.65 ms, found 1 plugins.
Preloading 0 native plugins for Editor in 0.00 ms.
Mono: successfully reloaded assembly
- Completed reload, in  0.635 seconds
Domain Reload Profiling:
	ReloadAssembly (636ms)
		BeginReloadAssembly (105ms)
			ExecutionOrderSort (0ms)
			DisableScriptedObjects (4ms)
			BackupInstance (0ms)
			ReleaseScriptingObjects (0ms)
			CreateAndSetChildDomain (21ms)
		EndReloadAssembly (449ms)
			LoadAssemblies (67ms)
			RebuildTransferFunctionScriptingTraits (0ms)
			SetupTypeCache (117ms)
			ReleaseScriptCaches (1ms)
			RebuildScriptCaches (29ms)
			SetupLoadedEditorAssemblies (213ms)
				LogAssemblyErrors (0ms)
				InitializePlatformSupportModulesInManaged (5ms)
				SetLoadedEditorAssemblies (0ms)
				RefreshPlugins (1ms)
				BeforeProcessingInitializeOnLoad (48ms)
				ProcessInitializeOnLoadAttributes (103ms)
				ProcessInitializeOnLoadMethodAttributes (48ms)
				AfterProcessingInitializeOnLoad (8ms)
				EditorAssembliesLoaded (0ms)
			ExecutionOrderSort2 (0ms)
			AwakeInstancesAfterBackupRestoration (5ms)
Platform modules already initialized, skipping
Refreshing native plugins compatible for Editor in 1.74 ms, found 1 plugins.
Preloading 0 native plugins for Editor in 0.00 ms.
Unloading 2143 Unused Serialized files (Serialized files now loaded: 0)
Unloading 27 unused Assets / (93.8 KB). Loaded Objects now: 2883.
Memory consumption went from 115.0 MB to 114.9 MB.
Total: 2.079600 ms (FindLiveObjects: 0.141400 ms CreateObjectMapping: 0.050300 ms MarkObjects: 1.853900 ms  DeleteObjects: 0.033100 ms)

AssetImportParameters requested are different than current active one (requested -> active):
  custom:video-decoder-ogg-theora: a1e56fd34408186e4bbccfd4996cb3dc -> 
  custom:container-muxer-webm: aa71ff27fc2769a1b78a27578f13a17b -> 
  custom:container-demuxer-webm: 4f35f7cbe854078d1ac9338744f61a02 -> 
  custom:video-encoder-webm-vp8: eb34c28f22e8b96e1ab97ce403110664 -> 
  custom:CustomObjectIndexerAttribute: bc11b3a6c3213fcdd17b65e7da85e133 -> 
  custom:audio-encoder-webm-vorbis: bf7c407c2cedff20999df2af8eb42d56 -> 
  custom:framework-win-MediaFoundation: 216162199b28c13a410421893ffa2e32 -> 
  custom:container-demuxer-ogg: 62fdf1f143b41e24485cea50d1cbac27 -> 
  custom:video-decoder-webm-vp8: 9c59270c3fd7afecdb556c50c9e8de78 -> 
  custom:audio-decoder-ogg-vorbis: bf7c407c2cedff20999df2af8eb42d56 -> 
========================================================================
Received Import Request.
  Time since last request: 43.955972 seconds.
  path: Assets/Prefabs/Enviroment/Tree/Tree01/Tree01_Size4_Green.prefab
  artifactKey: Guid(19052b664893ec243891fc590421545c) Importer(815301076,1909f56bfc062723c751e8b465ee728b)
Start importing Assets/Prefabs/Enviroment/Tree/Tree01/Tree01_Size4_Green.prefab using Guid(19052b664893ec243891fc590421545c) Importer(815301076,1909f56bfc062723c751e8b465ee728b)  -> (artifact id: '893bbb690a3bd65b3c70ff86e2132e1d') in 0.044457 seconds 
========================================================================
Received Import Request.
  Time since last request: 14.616194 seconds.
  path: Assets/Prefabs/Enviroment/Tree/Tree01/Tree01_Size4_Green.prefab
  artifactKey: Guid(19052b664893ec243891fc590421545c) Importer(815301076,1909f56bfc062723c751e8b465ee728b)
Start importing Assets/Prefabs/Enviroment/Tree/Tree01/Tree01_Size4_Green.prefab using Guid(19052b664893ec243891fc590421545c) Importer(815301076,1909f56bfc062723c751e8b465ee728b)  -> (artifact id: 'd6b7c997ab57b43570cc0bf5ee76f4d6') in 0.012904 seconds 
========================================================================
Received Prepare
Registering precompiled user dll's ...
Registered in 0.007929 seconds.
Begin MonoManager ReloadAssembly
Native extension for WindowsStandalone target not found
Native extension for WebGL target not found
Refreshing native plugins compatible for Editor in 0.94 ms, found 1 plugins.
Preloading 0 native plugins for Editor in 0.00 ms.
Mono: successfully reloaded assembly
- Completed reload, in  0.666 seconds
Domain Reload Profiling:
	ReloadAssembly (666ms)
		BeginReloadAssembly (107ms)
			ExecutionOrderSort (0ms)
			DisableScriptedObjects (4ms)
			BackupInstance (0ms)
			ReleaseScriptingObjects (0ms)
			CreateAndSetChildDomain (22ms)
		EndReloadAssembly (481ms)
			LoadAssemblies (70ms)
			RebuildTransferFunctionScriptingTraits (0ms)
			SetupTypeCache (124ms)
			ReleaseScriptCaches (1ms)
			RebuildScriptCaches (29ms)
			SetupLoadedEditorAssemblies (232ms)
				LogAssemblyErrors (0ms)
				InitializePlatformSupportModulesInManaged (5ms)
				SetLoadedEditorAssemblies (1ms)
				RefreshPlugins (1ms)
				BeforeProcessingInitializeOnLoad (47ms)
				ProcessInitializeOnLoadAttributes (115ms)
				ProcessInitializeOnLoadMethodAttributes (55ms)
				AfterProcessingInitializeOnLoad (9ms)
				EditorAssembliesLoaded (0ms)
			ExecutionOrderSort2 (0ms)
			AwakeInstancesAfterBackupRestoration (6ms)
Platform modules already initialized, skipping
Refreshing native plugins compatible for Editor in 1.90 ms, found 1 plugins.
Preloading 0 native plugins for Editor in 0.00 ms.
Unloading 2143 Unused Serialized files (Serialized files now loaded: 0)
Unloading 27 unused Assets / (92.7 KB). Loaded Objects now: 2898.
Memory consumption went from 115.0 MB to 114.9 MB.
Total: 2.246500 ms (FindLiveObjects: 0.152800 ms CreateObjectMapping: 0.059800 ms MarkObjects: 1.999200 ms  DeleteObjects: 0.033800 ms)

AssetImportParameters requested are different than current active one (requested -> active):
  custom:video-decoder-ogg-theora: a1e56fd34408186e4bbccfd4996cb3dc -> 
  custom:container-muxer-webm: aa71ff27fc2769a1b78a27578f13a17b -> 
  custom:container-demuxer-webm: 4f35f7cbe854078d1ac9338744f61a02 -> 
  custom:video-encoder-webm-vp8: eb34c28f22e8b96e1ab97ce403110664 -> 
  custom:CustomObjectIndexerAttribute: bc11b3a6c3213fcdd17b65e7da85e133 -> 
  custom:audio-encoder-webm-vorbis: bf7c407c2cedff20999df2af8eb42d56 -> 
  custom:framework-win-MediaFoundation: 216162199b28c13a410421893ffa2e32 -> 
  custom:container-demuxer-ogg: 62fdf1f143b41e24485cea50d1cbac27 -> 
  custom:video-decoder-webm-vp8: 9c59270c3fd7afecdb556c50c9e8de78 -> 
  custom:audio-decoder-ogg-vorbis: bf7c407c2cedff20999df2af8eb42d56 -> 
========================================================================
Received Prepare
Registering precompiled user dll's ...
Registered in 0.012226 seconds.
Begin MonoManager ReloadAssembly
Native extension for WindowsStandalone target not found
Native extension for WebGL target not found
Refreshing native plugins compatible for Editor in 0.77 ms, found 1 plugins.
Preloading 0 native plugins for Editor in 0.00 ms.
Mono: successfully reloaded assembly
- Completed reload, in  0.656 seconds
Domain Reload Profiling:
	ReloadAssembly (656ms)
		BeginReloadAssembly (110ms)
			ExecutionOrderSort (0ms)
			DisableScriptedObjects (6ms)
			BackupInstance (0ms)
			ReleaseScriptingObjects (0ms)
			CreateAndSetChildDomain (20ms)
		EndReloadAssembly (470ms)
			LoadAssemblies (72ms)
			RebuildTransferFunctionScriptingTraits (0ms)
			SetupTypeCache (126ms)
			ReleaseScriptCaches (1ms)
			RebuildScriptCaches (29ms)
			SetupLoadedEditorAssemblies (211ms)
				LogAssemblyErrors (0ms)
				InitializePlatformSupportModulesInManaged (5ms)
				SetLoadedEditorAssemblies (0ms)
				RefreshPlugins (1ms)
				BeforeProcessingInitializeOnLoad (51ms)
				ProcessInitializeOnLoadAttributes (102ms)
				ProcessInitializeOnLoadMethodAttributes (44ms)
				AfterProcessingInitializeOnLoad (7ms)
				EditorAssembliesLoaded (0ms)
			ExecutionOrderSort2 (0ms)
			AwakeInstancesAfterBackupRestoration (6ms)
Platform modules already initialized, skipping
Refreshing native plugins compatible for Editor in 1.46 ms, found 1 plugins.
Preloading 0 native plugins for Editor in 0.00 ms.
Unloading 2143 Unused Serialized files (Serialized files now loaded: 0)
Unloading 27 unused Assets / (92.7 KB). Loaded Objects now: 2913.
Memory consumption went from 115.0 MB to 114.9 MB.
Total: 2.701400 ms (FindLiveObjects: 0.162900 ms CreateObjectMapping: 0.112900 ms MarkObjects: 2.280800 ms  DeleteObjects: 0.143700 ms)

AssetImportParameters requested are different than current active one (requested -> active):
  custom:video-decoder-ogg-theora: a1e56fd34408186e4bbccfd4996cb3dc -> 
  custom:container-muxer-webm: aa71ff27fc2769a1b78a27578f13a17b -> 
  custom:container-demuxer-webm: 4f35f7cbe854078d1ac9338744f61a02 -> 
  custom:video-encoder-webm-vp8: eb34c28f22e8b96e1ab97ce403110664 -> 
  custom:CustomObjectIndexerAttribute: bc11b3a6c3213fcdd17b65e7da85e133 -> 
  custom:audio-encoder-webm-vorbis: bf7c407c2cedff20999df2af8eb42d56 -> 
  custom:framework-win-MediaFoundation: 216162199b28c13a410421893ffa2e32 -> 
  custom:container-demuxer-ogg: 62fdf1f143b41e24485cea50d1cbac27 -> 
  custom:video-decoder-webm-vp8: 9c59270c3fd7afecdb556c50c9e8de78 -> 
  custom:audio-decoder-ogg-vorbis: bf7c407c2cedff20999df2af8eb42d56 -> 
========================================================================
Received Import Request.
  Time since last request: 381.013436 seconds.
  path: Assets/Prefabs/Enviroment/Tree/Tree01/Tree01_Size4_Green.prefab
  artifactKey: Guid(19052b664893ec243891fc590421545c) Importer(815301076,1909f56bfc062723c751e8b465ee728b)
Start importing Assets/Prefabs/Enviroment/Tree/Tree01/Tree01_Size4_Green.prefab using Guid(19052b664893ec243891fc590421545c) Importer(815301076,1909f56bfc062723c751e8b465ee728b)  -> (artifact id: '4ac6a86bfa146c7425c4b4438cb90809') in 0.049417 seconds 
========================================================================
Received Prepare
Registering precompiled user dll's ...
Registered in 0.008418 seconds.
Begin MonoManager ReloadAssembly
Native extension for WindowsStandalone target not found
Native extension for WebGL target not found
Refreshing native plugins compatible for Editor in 0.71 ms, found 1 plugins.
Preloading 0 native plugins for Editor in 0.00 ms.
Mono: successfully reloaded assembly
- Completed reload, in  0.630 seconds
Domain Reload Profiling:
	ReloadAssembly (630ms)
		BeginReloadAssembly (101ms)
			ExecutionOrderSort (0ms)
			DisableScriptedObjects (5ms)
			BackupInstance (0ms)
			ReleaseScriptingObjects (0ms)
			CreateAndSetChildDomain (19ms)
		EndReloadAssembly (452ms)
			LoadAssemblies (65ms)
			RebuildTransferFunctionScriptingTraits (0ms)
			SetupTypeCache (115ms)
			ReleaseScriptCaches (1ms)
			RebuildScriptCaches (29ms)
			SetupLoadedEditorAssemblies (209ms)
				LogAssemblyErrors (0ms)
				InitializePlatformSupportModulesInManaged (6ms)
				SetLoadedEditorAssemblies (0ms)
				RefreshPlugins (1ms)
				BeforeProcessingInitializeOnLoad (48ms)
				ProcessInitializeOnLoadAttributes (102ms)
				ProcessInitializeOnLoadMethodAttributes (44ms)
				AfterProcessingInitializeOnLoad (8ms)
				EditorAssembliesLoaded (0ms)
			ExecutionOrderSort2 (0ms)
			AwakeInstancesAfterBackupRestoration (6ms)
Platform modules already initialized, skipping
Refreshing native plugins compatible for Editor in 1.72 ms, found 1 plugins.
Preloading 0 native plugins for Editor in 0.00 ms.
Unloading 2143 Unused Serialized files (Serialized files now loaded: 0)
Unloading 27 unused Assets / (92.7 KB). Loaded Objects now: 2928.
Memory consumption went from 115.0 MB to 114.9 MB.
Total: 2.419900 ms (FindLiveObjects: 0.148900 ms CreateObjectMapping: 0.055100 ms MarkObjects: 2.179800 ms  DeleteObjects: 0.034900 ms)

AssetImportParameters requested are different than current active one (requested -> active):
  custom:video-decoder-ogg-theora: a1e56fd34408186e4bbccfd4996cb3dc -> 
  custom:container-muxer-webm: aa71ff27fc2769a1b78a27578f13a17b -> 
  custom:container-demuxer-webm: 4f35f7cbe854078d1ac9338744f61a02 -> 
  custom:video-encoder-webm-vp8: eb34c28f22e8b96e1ab97ce403110664 -> 
  custom:CustomObjectIndexerAttribute: bc11b3a6c3213fcdd17b65e7da85e133 -> 
  custom:audio-encoder-webm-vorbis: bf7c407c2cedff20999df2af8eb42d56 -> 
  custom:framework-win-MediaFoundation: 216162199b28c13a410421893ffa2e32 -> 
  custom:container-demuxer-ogg: 62fdf1f143b41e24485cea50d1cbac27 -> 
  custom:video-decoder-webm-vp8: 9c59270c3fd7afecdb556c50c9e8de78 -> 
  custom:audio-decoder-ogg-vorbis: bf7c407c2cedff20999df2af8eb42d56 -> 
========================================================================
Received Import Request.
  Time since last request: 27.697259 seconds.
  path: Assets/Prefabs/Enviroment/Tree/Tree01/Tree01_Size4_Green.prefab
  artifactKey: Guid(19052b664893ec243891fc590421545c) Importer(815301076,1909f56bfc062723c751e8b465ee728b)
Start importing Assets/Prefabs/Enviroment/Tree/Tree01/Tree01_Size4_Green.prefab using Guid(19052b664893ec243891fc590421545c) Importer(815301076,1909f56bfc062723c751e8b465ee728b)  -> (artifact id: 'c025c94a1561bda5f1b6152b6b0dc624') in 0.064456 seconds 
========================================================================
Received Import Request.
  Time since last request: 3.676159 seconds.
  path: Assets/Prefabs/Enviroment/Tree/Tree01/Tree01_Size4_Green.prefab
  artifactKey: Guid(19052b664893ec243891fc590421545c) Importer(815301076,1909f56bfc062723c751e8b465ee728b)
Start importing Assets/Prefabs/Enviroment/Tree/Tree01/Tree01_Size4_Green.prefab using Guid(19052b664893ec243891fc590421545c) Importer(815301076,1909f56bfc062723c751e8b465ee728b)  -> (artifact id: 'a59896b2e60291f80f97bc9ec661aa84') in 0.009127 seconds 
========================================================================
Received Import Request.
  Time since last request: 4.012906 seconds.
  path: Assets/Prefabs/Enviroment/Tree/Tree01/Tree01_Size4_Green.prefab
  artifactKey: Guid(19052b664893ec243891fc590421545c) Importer(815301076,1909f56bfc062723c751e8b465ee728b)
Start importing Assets/Prefabs/Enviroment/Tree/Tree01/Tree01_Size4_Green.prefab using Guid(19052b664893ec243891fc590421545c) Importer(815301076,1909f56bfc062723c751e8b465ee728b)  -> (artifact id: '939af604322a2a66b6c847ccc0c363b6') in 0.014379 seconds 
========================================================================
Received Prepare
Registering precompiled user dll's ...
Registered in 0.009281 seconds.
Begin MonoManager ReloadAssembly
Native extension for WindowsStandalone target not found
Native extension for WebGL target not found
Refreshing native plugins compatible for Editor in 0.74 ms, found 1 plugins.
Preloading 0 native plugins for Editor in 0.00 ms.
Mono: successfully reloaded assembly
- Completed reload, in  0.662 seconds
Domain Reload Profiling:
	ReloadAssembly (662ms)
		BeginReloadAssembly (103ms)
			ExecutionOrderSort (0ms)
			DisableScriptedObjects (5ms)
			BackupInstance (0ms)
			ReleaseScriptingObjects (0ms)
			CreateAndSetChildDomain (21ms)
		EndReloadAssembly (477ms)
			LoadAssemblies (66ms)
			RebuildTransferFunctionScriptingTraits (0ms)
			SetupTypeCache (128ms)
			ReleaseScriptCaches (1ms)
			RebuildScriptCaches (32ms)
			SetupLoadedEditorAssemblies (219ms)
				LogAssemblyErrors (0ms)
				InitializePlatformSupportModulesInManaged (6ms)
				SetLoadedEditorAssemblies (0ms)
				RefreshPlugins (1ms)
				BeforeProcessingInitializeOnLoad (53ms)
				ProcessInitializeOnLoadAttributes (104ms)
				ProcessInitializeOnLoadMethodAttributes (46ms)
				AfterProcessingInitializeOnLoad (8ms)
				EditorAssembliesLoaded (0ms)
			ExecutionOrderSort2 (0ms)
			AwakeInstancesAfterBackupRestoration (6ms)
Platform modules already initialized, skipping
Refreshing native plugins compatible for Editor in 2.04 ms, found 1 plugins.
Preloading 0 native plugins for Editor in 0.00 ms.
Unloading 2143 Unused Serialized files (Serialized files now loaded: 0)
Unloading 27 unused Assets / (92.8 KB). Loaded Objects now: 2943.
Memory consumption went from 115.1 MB to 115.0 MB.
Total: 2.377700 ms (FindLiveObjects: 0.200300 ms CreateObjectMapping: 0.070600 ms MarkObjects: 2.070900 ms  DeleteObjects: 0.035000 ms)

AssetImportParameters requested are different than current active one (requested -> active):
  custom:video-decoder-ogg-theora: a1e56fd34408186e4bbccfd4996cb3dc -> 
  custom:container-muxer-webm: aa71ff27fc2769a1b78a27578f13a17b -> 
  custom:container-demuxer-webm: 4f35f7cbe854078d1ac9338744f61a02 -> 
  custom:video-encoder-webm-vp8: eb34c28f22e8b96e1ab97ce403110664 -> 
  custom:CustomObjectIndexerAttribute: bc11b3a6c3213fcdd17b65e7da85e133 -> 
  custom:audio-encoder-webm-vorbis: bf7c407c2cedff20999df2af8eb42d56 -> 
  custom:framework-win-MediaFoundation: 216162199b28c13a410421893ffa2e32 -> 
  custom:container-demuxer-ogg: 62fdf1f143b41e24485cea50d1cbac27 -> 
  custom:video-decoder-webm-vp8: 9c59270c3fd7afecdb556c50c9e8de78 -> 
  custom:audio-decoder-ogg-vorbis: bf7c407c2cedff20999df2af8eb42d56 -> 
========================================================================
Received Import Request.
  Time since last request: 19.832319 seconds.
  path: Assets/Prefabs/Enviroment/Tree/Tree01/Tree01_Size4_Green.prefab
  artifactKey: Guid(19052b664893ec243891fc590421545c) Importer(815301076,1909f56bfc062723c751e8b465ee728b)
Start importing Assets/Prefabs/Enviroment/Tree/Tree01/Tree01_Size4_Green.prefab using Guid(19052b664893ec243891fc590421545c) Importer(815301076,1909f56bfc062723c751e8b465ee728b)  -> (artifact id: '2476d72e04bd35237d7d3f6eff53627d') in 0.046609 seconds 
========================================================================
Received Import Request.
  Time since last request: 28.326616 seconds.
  path: Assets/Prefabs/Enviroment/Tree/Tree01/Tree01_Size4_Green.prefab
  artifactKey: Guid(19052b664893ec243891fc590421545c) Importer(815301076,1909f56bfc062723c751e8b465ee728b)
Start importing Assets/Prefabs/Enviroment/Tree/Tree01/Tree01_Size4_Green.prefab using Guid(19052b664893ec243891fc590421545c) Importer(815301076,1909f56bfc062723c751e8b465ee728b)  -> (artifact id: 'ef6113283df1d8fa852bc1a39adc1ad5') in 0.044864 seconds 
========================================================================
Received Import Request.
  Time since last request: 4.462584 seconds.
  path: Assets/Prefabs/Enviroment/Tree/Tree01/Tree01_Size4_Green.prefab
  artifactKey: Guid(19052b664893ec243891fc590421545c) Importer(815301076,1909f56bfc062723c751e8b465ee728b)
Start importing Assets/Prefabs/Enviroment/Tree/Tree01/Tree01_Size4_Green.prefab using Guid(19052b664893ec243891fc590421545c) Importer(815301076,1909f56bfc062723c751e8b465ee728b)  -> (artifact id: '77b74cf1f8e32581d7ce8d63fe3a81dc') in 0.020138 seconds 
========================================================================
Received Import Request.
  Time since last request: 8.836922 seconds.
  path: Assets/Prefabs/Enviroment/Tree/Tree01/Tree01_Size4_Green.prefab
  artifactKey: Guid(19052b664893ec243891fc590421545c) Importer(815301076,1909f56bfc062723c751e8b465ee728b)
Start importing Assets/Prefabs/Enviroment/Tree/Tree01/Tree01_Size4_Green.prefab using Guid(19052b664893ec243891fc590421545c) Importer(815301076,1909f56bfc062723c751e8b465ee728b)  -> (artifact id: 'e2dd332417d39e0d10f632a8df4daa86') in 0.016829 seconds 
========================================================================
Received Import Request.
  Time since last request: 17.131330 seconds.
  path: Assets/Prefabs/Enviroment/Tree/Tree01/Tree01_Size4_Green.prefab
  artifactKey: Guid(19052b664893ec243891fc590421545c) Importer(815301076,1909f56bfc062723c751e8b465ee728b)
Start importing Assets/Prefabs/Enviroment/Tree/Tree01/Tree01_Size4_Green.prefab using Guid(19052b664893ec243891fc590421545c) Importer(815301076,1909f56bfc062723c751e8b465ee728b)  -> (artifact id: '6c80666d09854213dd6eb7147d2958c5') in 0.007347 seconds 
========================================================================
Received Import Request.
  Time since last request: 2.191855 seconds.
  path: Assets/Prefabs/Enviroment/Tree/Tree01/Tree01_Size4_Green.prefab
  artifactKey: Guid(19052b664893ec243891fc590421545c) Importer(815301076,1909f56bfc062723c751e8b465ee728b)
Start importing Assets/Prefabs/Enviroment/Tree/Tree01/Tree01_Size4_Green.prefab using Guid(19052b664893ec243891fc590421545c) Importer(815301076,1909f56bfc062723c751e8b465ee728b)  -> (artifact id: '182f632f1ac3cce3f29264d510ecadd9') in 0.031679 seconds 
========================================================================
Received Import Request.
  Time since last request: 5.194233 seconds.
  path: Assets/Prefabs/Enviroment/Tree/Tree01/Tree01_Size4_Green.prefab
  artifactKey: Guid(19052b664893ec243891fc590421545c) Importer(815301076,1909f56bfc062723c751e8b465ee728b)
Start importing Assets/Prefabs/Enviroment/Tree/Tree01/Tree01_Size4_Green.prefab using Guid(19052b664893ec243891fc590421545c) Importer(815301076,1909f56bfc062723c751e8b465ee728b)  -> (artifact id: 'ebd4154abc9587f12f9bc7443147663a') in 0.007312 seconds 
========================================================================
Received Import Request.
  Time since last request: 1.600520 seconds.
  path: Assets/Prefabs/Enviroment/Tree/Tree01/Tree01_Size4_Green.prefab
  artifactKey: Guid(19052b664893ec243891fc590421545c) Importer(815301076,1909f56bfc062723c751e8b465ee728b)
Start importing Assets/Prefabs/Enviroment/Tree/Tree01/Tree01_Size4_Green.prefab using Guid(19052b664893ec243891fc590421545c) Importer(815301076,1909f56bfc062723c751e8b465ee728b)  -> (artifact id: '85f694c51bb4e40593d556fa5aae398f') in 0.006615 seconds 
========================================================================
Received Import Request.
  Time since last request: 1.601939 seconds.
  path: Assets/Prefabs/Enviroment/Tree/Tree01/Tree01_Size4_Green.prefab
  artifactKey: Guid(19052b664893ec243891fc590421545c) Importer(815301076,1909f56bfc062723c751e8b465ee728b)
Start importing Assets/Prefabs/Enviroment/Tree/Tree01/Tree01_Size4_Green.prefab using Guid(19052b664893ec243891fc590421545c) Importer(815301076,1909f56bfc062723c751e8b465ee728b)  -> (artifact id: '630f8d4cc15d083eeb7ac5e1261dae9b') in 0.006869 seconds 
========================================================================
Received Import Request.
  Time since last request: 1.612509 seconds.
  path: Assets/Prefabs/Enviroment/Tree/Tree01/Tree01_Size4_Green.prefab
  artifactKey: Guid(19052b664893ec243891fc590421545c) Importer(815301076,1909f56bfc062723c751e8b465ee728b)
Start importing Assets/Prefabs/Enviroment/Tree/Tree01/Tree01_Size4_Green.prefab using Guid(19052b664893ec243891fc590421545c) Importer(815301076,1909f56bfc062723c751e8b465ee728b)  -> (artifact id: 'fc2fdf3c8b6d86918fb115e99d1629b7') in 0.036441 seconds 
========================================================================
Received Import Request.
  Time since last request: 0.954219 seconds.
  path: Assets/Prefabs/Enviroment/Tree/Tree01/Tree01_Size4_Green.prefab
  artifactKey: Guid(19052b664893ec243891fc590421545c) Importer(815301076,1909f56bfc062723c751e8b465ee728b)
Start importing Assets/Prefabs/Enviroment/Tree/Tree01/Tree01_Size4_Green.prefab using Guid(19052b664893ec243891fc590421545c) Importer(815301076,1909f56bfc062723c751e8b465ee728b)  -> (artifact id: '971c287d26872da7b39ed67d0ac005cf') in 0.009411 seconds 
========================================================================
Received Import Request.
  Time since last request: 1.002757 seconds.
  path: Assets/Prefabs/Enviroment/Tree/Tree01/Tree01_Size4_Green.prefab
  artifactKey: Guid(19052b664893ec243891fc590421545c) Importer(815301076,1909f56bfc062723c751e8b465ee728b)
Start importing Assets/Prefabs/Enviroment/Tree/Tree01/Tree01_Size4_Green.prefab using Guid(19052b664893ec243891fc590421545c) Importer(815301076,1909f56bfc062723c751e8b465ee728b)  -> (artifact id: '402a2720c8be7ce88cfdafcf9a96ec8a') in 0.020648 seconds 
========================================================================
Received Prepare
Registering precompiled user dll's ...
Registered in 0.008385 seconds.
Begin MonoManager ReloadAssembly
Native extension for WindowsStandalone target not found
Native extension for WebGL target not found
Refreshing native plugins compatible for Editor in 0.85 ms, found 1 plugins.
Preloading 0 native plugins for Editor in 0.00 ms.
Mono: successfully reloaded assembly
- Completed reload, in  0.662 seconds
Domain Reload Profiling:
	ReloadAssembly (663ms)
		BeginReloadAssembly (106ms)
			ExecutionOrderSort (0ms)
			DisableScriptedObjects (5ms)
			BackupInstance (0ms)
			ReleaseScriptingObjects (0ms)
			CreateAndSetChildDomain (23ms)
		EndReloadAssembly (478ms)
			LoadAssemblies (69ms)
			RebuildTransferFunctionScriptingTraits (0ms)
			SetupTypeCache (132ms)
			ReleaseScriptCaches (1ms)
			RebuildScriptCaches (29ms)
			SetupLoadedEditorAssemblies (218ms)
				LogAssemblyErrors (0ms)
				InitializePlatformSupportModulesInManaged (6ms)
				SetLoadedEditorAssemblies (0ms)
				RefreshPlugins (1ms)
				BeforeProcessingInitializeOnLoad (48ms)
				ProcessInitializeOnLoadAttributes (105ms)
				ProcessInitializeOnLoadMethodAttributes (49ms)
				AfterProcessingInitializeOnLoad (9ms)
				EditorAssembliesLoaded (0ms)
			ExecutionOrderSort2 (0ms)
			AwakeInstancesAfterBackupRestoration (6ms)
Platform modules already initialized, skipping
Refreshing native plugins compatible for Editor in 2.21 ms, found 1 plugins.
Preloading 0 native plugins for Editor in 0.00 ms.
Unloading 2143 Unused Serialized files (Serialized files now loaded: 0)
Unloading 27 unused Assets / (93.8 KB). Loaded Objects now: 2958.
Memory consumption went from 115.2 MB to 115.1 MB.
Total: 2.309500 ms (FindLiveObjects: 0.169300 ms CreateObjectMapping: 0.091000 ms MarkObjects: 2.011200 ms  DeleteObjects: 0.036400 ms)

AssetImportParameters requested are different than current active one (requested -> active):
  custom:video-decoder-ogg-theora: a1e56fd34408186e4bbccfd4996cb3dc -> 
  custom:container-muxer-webm: aa71ff27fc2769a1b78a27578f13a17b -> 
  custom:container-demuxer-webm: 4f35f7cbe854078d1ac9338744f61a02 -> 
  custom:video-encoder-webm-vp8: eb34c28f22e8b96e1ab97ce403110664 -> 
  custom:CustomObjectIndexerAttribute: bc11b3a6c3213fcdd17b65e7da85e133 -> 
  custom:audio-encoder-webm-vorbis: bf7c407c2cedff20999df2af8eb42d56 -> 
  custom:framework-win-MediaFoundation: 216162199b28c13a410421893ffa2e32 -> 
  custom:container-demuxer-ogg: 62fdf1f143b41e24485cea50d1cbac27 -> 
  custom:video-decoder-webm-vp8: 9c59270c3fd7afecdb556c50c9e8de78 -> 
  custom:audio-decoder-ogg-vorbis: bf7c407c2cedff20999df2af8eb42d56 -> 
========================================================================
Received Import Request.
  Time since last request: 17.177752 seconds.
  path: Assets/Prefabs/Enviroment/Tree/Tree01/Tree01_Size4_Green.prefab
  artifactKey: Guid(19052b664893ec243891fc590421545c) Importer(815301076,1909f56bfc062723c751e8b465ee728b)
Start importing Assets/Prefabs/Enviroment/Tree/Tree01/Tree01_Size4_Green.prefab using Guid(19052b664893ec243891fc590421545c) Importer(815301076,1909f56bfc062723c751e8b465ee728b)  -> (artifact id: '85df77b21aa490c5daa5209d1741cec6') in 0.049746 seconds 
========================================================================
Received Prepare
Registering precompiled user dll's ...
Registered in 0.011424 seconds.
Begin MonoManager ReloadAssembly
Native extension for WindowsStandalone target not found
Native extension for WebGL target not found
Refreshing native plugins compatible for Editor in 0.66 ms, found 1 plugins.
Preloading 0 native plugins for Editor in 0.00 ms.
Mono: successfully reloaded assembly
- Completed reload, in  0.633 seconds
Domain Reload Profiling:
	ReloadAssembly (634ms)
		BeginReloadAssembly (99ms)
			ExecutionOrderSort (0ms)
			DisableScriptedObjects (4ms)
			BackupInstance (0ms)
			ReleaseScriptingObjects (0ms)
			CreateAndSetChildDomain (21ms)
		EndReloadAssembly (460ms)
			LoadAssemblies (64ms)
			RebuildTransferFunctionScriptingTraits (0ms)
			SetupTypeCache (122ms)
			ReleaseScriptCaches (1ms)
			RebuildScriptCaches (32ms)
			SetupLoadedEditorAssemblies (215ms)
				LogAssemblyErrors (0ms)
				InitializePlatformSupportModulesInManaged (6ms)
				SetLoadedEditorAssemblies (0ms)
				RefreshPlugins (1ms)
				BeforeProcessingInitializeOnLoad (49ms)
				ProcessInitializeOnLoadAttributes (105ms)
				ProcessInitializeOnLoadMethodAttributes (48ms)
				AfterProcessingInitializeOnLoad (7ms)
				EditorAssembliesLoaded (0ms)
			ExecutionOrderSort2 (0ms)
			AwakeInstancesAfterBackupRestoration (5ms)
Platform modules already initialized, skipping
Refreshing native plugins compatible for Editor in 1.42 ms, found 1 plugins.
Preloading 0 native plugins for Editor in 0.00 ms.
Unloading 2143 Unused Serialized files (Serialized files now loaded: 0)
Unloading 27 unused Assets / (92.7 KB). Loaded Objects now: 2973.
Memory consumption went from 115.2 MB to 115.1 MB.
Total: 2.119000 ms (FindLiveObjects: 0.147200 ms CreateObjectMapping: 0.053100 ms MarkObjects: 1.884100 ms  DeleteObjects: 0.032300 ms)

AssetImportParameters requested are different than current active one (requested -> active):
  custom:video-decoder-ogg-theora: a1e56fd34408186e4bbccfd4996cb3dc -> 
  custom:container-muxer-webm: aa71ff27fc2769a1b78a27578f13a17b -> 
  custom:container-demuxer-webm: 4f35f7cbe854078d1ac9338744f61a02 -> 
  custom:video-encoder-webm-vp8: eb34c28f22e8b96e1ab97ce403110664 -> 
  custom:CustomObjectIndexerAttribute: bc11b3a6c3213fcdd17b65e7da85e133 -> 
  custom:audio-encoder-webm-vorbis: bf7c407c2cedff20999df2af8eb42d56 -> 
  custom:framework-win-MediaFoundation: 216162199b28c13a410421893ffa2e32 -> 
  custom:container-demuxer-ogg: 62fdf1f143b41e24485cea50d1cbac27 -> 
  custom:video-decoder-webm-vp8: 9c59270c3fd7afecdb556c50c9e8de78 -> 
  custom:audio-decoder-ogg-vorbis: bf7c407c2cedff20999df2af8eb42d56 -> 
========================================================================
Received Import Request.
  Time since last request: 6.373529 seconds.
  path: Assets/Prefabs/Enviroment/Tree/Tree01/Tree01_Size4_Green.prefab
  artifactKey: Guid(19052b664893ec243891fc590421545c) Importer(815301076,1909f56bfc062723c751e8b465ee728b)
Start importing Assets/Prefabs/Enviroment/Tree/Tree01/Tree01_Size4_Green.prefab using Guid(19052b664893ec243891fc590421545c) Importer(815301076,1909f56bfc062723c751e8b465ee728b)  -> (artifact id: '15e535da87b7ca7fc9e751ebb9c466e1') in 0.045043 seconds 
========================================================================
Received Import Request.
  Time since last request: 409.496606 seconds.
  path: Assets/Prefabs/Enviroment/Tree/Tree01/Tree01_Size4_Brown.prefab
  artifactKey: Guid(c80ee4262ab92b74db94cf6435abc042) Importer(815301076,1909f56bfc062723c751e8b465ee728b)
Start importing Assets/Prefabs/Enviroment/Tree/Tree01/Tree01_Size4_Brown.prefab using Guid(c80ee4262ab92b74db94cf6435abc042) Importer(815301076,1909f56bfc062723c751e8b465ee728b)  -> (artifact id: '818ca66ba6857ccca3511bdc6fb2c542') in 0.061587 seconds 
========================================================================
Received Import Request.
  Time since last request: 25.575642 seconds.
  path: Assets/Prefabs/Enviroment/Tree/Tree01/Tree01_Size4_Green 1.prefab
  artifactKey: Guid(7fce17a6cad24ad4b80f86916de6ab91) Importer(815301076,1909f56bfc062723c751e8b465ee728b)
Start importing Assets/Prefabs/Enviroment/Tree/Tree01/Tree01_Size4_Green 1.prefab using Guid(7fce17a6cad24ad4b80f86916de6ab91) Importer(815301076,1909f56bfc062723c751e8b465ee728b)  -> (artifact id: 'fe70f6130e7ca80587d1dcd0b072b285') in 0.014175 seconds 
========================================================================
Received Import Request.
  Time since last request: 8.798013 seconds.
  path: Assets/Prefabs/Enviroment/Tree/Tree01/Tree01_Size4_Yellow.prefab
  artifactKey: Guid(7fce17a6cad24ad4b80f86916de6ab91) Importer(815301076,1909f56bfc062723c751e8b465ee728b)
Start importing Assets/Prefabs/Enviroment/Tree/Tree01/Tree01_Size4_Yellow.prefab using Guid(7fce17a6cad24ad4b80f86916de6ab91) Importer(815301076,1909f56bfc062723c751e8b465ee728b)  -> (artifact id: 'b2285dfc2d8af216ef3478e83568b784') in 0.009940 seconds 
========================================================================
Received Import Request.
  Time since last request: 15.086543 seconds.
  path: Assets/Prefabs/Enviroment/Tree/Tree01/Tree01_Size4_Yellow.prefab
  artifactKey: Guid(7fce17a6cad24ad4b80f86916de6ab91) Importer(815301076,1909f56bfc062723c751e8b465ee728b)
Start importing Assets/Prefabs/Enviroment/Tree/Tree01/Tree01_Size4_Yellow.prefab using Guid(7fce17a6cad24ad4b80f86916de6ab91) Importer(815301076,1909f56bfc062723c751e8b465ee728b)  -> (artifact id: '63a84a9f238b5a431cc9388fb81d82de') in 0.006428 seconds 
========================================================================
Received Import Request.
  Time since last request: 4.233238 seconds.
  path: Assets/Prefabs/Enviroment/Tree/Tree01/Tree01_Size4_Green 1.prefab
  artifactKey: Guid(88907b464670f844a8bdf7f0cfe01928) Importer(815301076,1909f56bfc062723c751e8b465ee728b)
Start importing Assets/Prefabs/Enviroment/Tree/Tree01/Tree01_Size4_Green 1.prefab using Guid(88907b464670f844a8bdf7f0cfe01928) Importer(815301076,1909f56bfc062723c751e8b465ee728b)  -> (artifact id: '62664769339df96ea816ce48f95a173d') in 0.008775 seconds 
========================================================================
Received Import Request.
  Time since last request: 6.713052 seconds.
  path: Assets/Prefabs/Enviroment/Tree/Tree01/Tree01_Size4_Brown.prefab
  artifactKey: Guid(88907b464670f844a8bdf7f0cfe01928) Importer(815301076,1909f56bfc062723c751e8b465ee728b)
Start importing Assets/Prefabs/Enviroment/Tree/Tree01/Tree01_Size4_Brown.prefab using Guid(88907b464670f844a8bdf7f0cfe01928) Importer(815301076,1909f56bfc062723c751e8b465ee728b)  -> (artifact id: 'e03913eb25c1170ea6624afd866e1a80') in 0.013021 seconds 
========================================================================
Received Import Request.
  Time since last request: 16.512173 seconds.
  path: Assets/Prefabs/Enviroment/Tree/Tree01/Tree01_Size4_Brown.prefab
  artifactKey: Guid(88907b464670f844a8bdf7f0cfe01928) Importer(815301076,1909f56bfc062723c751e8b465ee728b)
Start importing Assets/Prefabs/Enviroment/Tree/Tree01/Tree01_Size4_Brown.prefab using Guid(88907b464670f844a8bdf7f0cfe01928) Importer(815301076,1909f56bfc062723c751e8b465ee728b)  -> (artifact id: '8e90975eb8ab1ebb00dc9edfc3385867') in 0.007372 seconds 
========================================================================
Received Import Request.
  Time since last request: 8.372876 seconds.
  path: Assets/Prefabs/Enviroment/Tree/Tree01/Tree01_Size4_Yellow.prefab
  artifactKey: Guid(7fce17a6cad24ad4b80f86916de6ab91) Importer(815301076,1909f56bfc062723c751e8b465ee728b)
Start importing Assets/Prefabs/Enviroment/Tree/Tree01/Tree01_Size4_Yellow.prefab using Guid(7fce17a6cad24ad4b80f86916de6ab91) Importer(815301076,1909f56bfc062723c751e8b465ee728b)  -> (artifact id: 'ec566ae1e46ccf7f04cdbf1b6682f566') in 0.007002 seconds 
========================================================================
Received Import Request.
  Time since last request: 3.553461 seconds.
  path: Assets/Prefabs/Enviroment/Tree/Tree01/Tree01_Size4_Yellow 1.prefab
  artifactKey: Guid(35e997cc65fd5b44790f711dd640ec0b) Importer(815301076,1909f56bfc062723c751e8b465ee728b)
Start importing Assets/Prefabs/Enviroment/Tree/Tree01/Tree01_Size4_Yellow 1.prefab using Guid(35e997cc65fd5b44790f711dd640ec0b) Importer(815301076,1909f56bfc062723c751e8b465ee728b)  -> (artifact id: 'b94e84e270533f105282d3655fefa28a') in 0.007705 seconds 
========================================================================
Received Import Request.
  Time since last request: 6.712785 seconds.
  path: Assets/Prefabs/Enviroment/Tree/Tree01/Tree01_Size4_Red.prefab
  artifactKey: Guid(35e997cc65fd5b44790f711dd640ec0b) Importer(815301076,1909f56bfc062723c751e8b465ee728b)
Start importing Assets/Prefabs/Enviroment/Tree/Tree01/Tree01_Size4_Red.prefab using Guid(35e997cc65fd5b44790f711dd640ec0b) Importer(815301076,1909f56bfc062723c751e8b465ee728b)  -> (artifact id: 'e94f0d50556a90703f87d58c389c9bed') in 0.038899 seconds 
========================================================================
Received Import Request.
  Time since last request: 18.493789 seconds.
  path: Assets/Prefabs/Enviroment/Tree/Tree01/Tree01_Size4_Red.prefab
  artifactKey: Guid(35e997cc65fd5b44790f711dd640ec0b) Importer(815301076,1909f56bfc062723c751e8b465ee728b)
Start importing Assets/Prefabs/Enviroment/Tree/Tree01/Tree01_Size4_Red.prefab using Guid(35e997cc65fd5b44790f711dd640ec0b) Importer(815301076,1909f56bfc062723c751e8b465ee728b)  -> (artifact id: 'a3e09aa2b1a7ed0ef73ed113f2593f9e') in 0.008278 seconds 
========================================================================
Received Import Request.
  Time since last request: 6.069184 seconds.
  path: Assets/Prefabs/Enviroment/Tree/Tree01/Tree01_Size4_Green 1.prefab
  artifactKey: Guid(5c37fb392629a0645a798ee7c5b44aaa) Importer(815301076,1909f56bfc062723c751e8b465ee728b)
Start importing Assets/Prefabs/Enviroment/Tree/Tree01/Tree01_Size4_Green 1.prefab using Guid(5c37fb392629a0645a798ee7c5b44aaa) Importer(815301076,1909f56bfc062723c751e8b465ee728b)  -> (artifact id: '79e5ec2f507761c081d3f0f99d2f0075') in 0.009687 seconds 
========================================================================
Received Import Request.
  Time since last request: 7.168327 seconds.
  path: Assets/Prefabs/Enviroment/Tree/Tree01/Tree01_Size4_NoLeaf.prefab
  artifactKey: Guid(5c37fb392629a0645a798ee7c5b44aaa) Importer(815301076,1909f56bfc062723c751e8b465ee728b)
Start importing Assets/Prefabs/Enviroment/Tree/Tree01/Tree01_Size4_NoLeaf.prefab using Guid(5c37fb392629a0645a798ee7c5b44aaa) Importer(815301076,1909f56bfc062723c751e8b465ee728b)  -> (artifact id: '71bce5455485ec5281e81a4a76d0527f') in 0.015922 seconds 
========================================================================
Received Import Request.
  Time since last request: 54.691403 seconds.
  path: Assets/Prefabs/Enviroment/Tree/Tree01/Tree01_Size4_NoLeaf.prefab
  artifactKey: Guid(5c37fb392629a0645a798ee7c5b44aaa) Importer(815301076,1909f56bfc062723c751e8b465ee728b)
Start importing Assets/Prefabs/Enviroment/Tree/Tree01/Tree01_Size4_NoLeaf.prefab using Guid(5c37fb392629a0645a798ee7c5b44aaa) Importer(815301076,1909f56bfc062723c751e8b465ee728b)  -> (artifact id: '7c4b09872110cc08624eda8830dec8c8') in 0.024961 seconds 
========================================================================
Received Import Request.
  Time since last request: 5.507847 seconds.
  path: Assets/Prefabs/Enviroment/Tree/Tree01/Tree01_Size4_Green.prefab
  artifactKey: Guid(19052b664893ec243891fc590421545c) Importer(815301076,1909f56bfc062723c751e8b465ee728b)
Start importing Assets/Prefabs/Enviroment/Tree/Tree01/Tree01_Size4_Green.prefab using Guid(19052b664893ec243891fc590421545c) Importer(815301076,1909f56bfc062723c751e8b465ee728b)  -> (artifact id: 'b86cf963bd21908c2af296027b602a7e') in 0.044113 seconds 
========================================================================
Received Prepare
Registering precompiled user dll's ...
Registered in 0.012429 seconds.
Begin MonoManager ReloadAssembly
Native extension for WindowsStandalone target not found
Native extension for WebGL target not found
Refreshing native plugins compatible for Editor in 0.69 ms, found 1 plugins.
Preloading 0 native plugins for Editor in 0.00 ms.
Mono: successfully reloaded assembly
- Completed reload, in  0.717 seconds
Domain Reload Profiling:
	ReloadAssembly (717ms)
		BeginReloadAssembly (112ms)
			ExecutionOrderSort (0ms)
			DisableScriptedObjects (5ms)
			BackupInstance (0ms)
			ReleaseScriptingObjects (0ms)
			CreateAndSetChildDomain (25ms)
		EndReloadAssembly (525ms)
			LoadAssemblies (68ms)
			RebuildTransferFunctionScriptingTraits (0ms)
			SetupTypeCache (136ms)
			ReleaseScriptCaches (1ms)
			RebuildScriptCaches (38ms)
			SetupLoadedEditorAssemblies (242ms)
				LogAssemblyErrors (0ms)
				InitializePlatformSupportModulesInManaged (6ms)
				SetLoadedEditorAssemblies (0ms)
				RefreshPlugins (1ms)
				BeforeProcessingInitializeOnLoad (55ms)
				ProcessInitializeOnLoadAttributes (114ms)
				ProcessInitializeOnLoadMethodAttributes (59ms)
				AfterProcessingInitializeOnLoad (7ms)
				EditorAssembliesLoaded (0ms)
			ExecutionOrderSort2 (0ms)
			AwakeInstancesAfterBackupRestoration (6ms)
Platform modules already initialized, skipping
Refreshing native plugins compatible for Editor in 1.75 ms, found 1 plugins.
Preloading 0 native plugins for Editor in 0.00 ms.
Unloading 2143 Unused Serialized files (Serialized files now loaded: 0)
Unloading 27 unused Assets / (92.7 KB). Loaded Objects now: 2988.
Memory consumption went from 115.3 MB to 115.2 MB.
Total: 2.172200 ms (FindLiveObjects: 0.164600 ms CreateObjectMapping: 0.060800 ms MarkObjects: 1.907200 ms  DeleteObjects: 0.038300 ms)

AssetImportParameters requested are different than current active one (requested -> active):
  custom:video-decoder-ogg-theora: a1e56fd34408186e4bbccfd4996cb3dc -> 
  custom:container-muxer-webm: aa71ff27fc2769a1b78a27578f13a17b -> 
  custom:container-demuxer-webm: 4f35f7cbe854078d1ac9338744f61a02 -> 
  custom:video-encoder-webm-vp8: eb34c28f22e8b96e1ab97ce403110664 -> 
  custom:CustomObjectIndexerAttribute: bc11b3a6c3213fcdd17b65e7da85e133 -> 
  custom:audio-encoder-webm-vorbis: bf7c407c2cedff20999df2af8eb42d56 -> 
  custom:framework-win-MediaFoundation: 216162199b28c13a410421893ffa2e32 -> 
  custom:container-demuxer-ogg: 62fdf1f143b41e24485cea50d1cbac27 -> 
  custom:video-decoder-webm-vp8: 9c59270c3fd7afecdb556c50c9e8de78 -> 
  custom:audio-decoder-ogg-vorbis: bf7c407c2cedff20999df2af8eb42d56 -> 
========================================================================
Received Import Request.
  Time since last request: 27.210758 seconds.
  path: Assets/Prefabs/Enviroment/Tree/Tree01/Tree01_Size4_Brown.prefab
  artifactKey: Guid(88907b464670f844a8bdf7f0cfe01928) Importer(815301076,1909f56bfc062723c751e8b465ee728b)
Start importing Assets/Prefabs/Enviroment/Tree/Tree01/Tree01_Size4_Brown.prefab using Guid(88907b464670f844a8bdf7f0cfe01928) Importer(815301076,1909f56bfc062723c751e8b465ee728b)  -> (artifact id: 'cae6edcc2f19a5c92b61c5e51df4d85b') in 0.063633 seconds 
========================================================================
Received Import Request.
  Time since last request: 6.474221 seconds.
  path: Assets/Prefabs/Enviroment/Tree/Tree01/Tree01_Size4_Brown.prefab
  artifactKey: Guid(88907b464670f844a8bdf7f0cfe01928) Importer(815301076,1909f56bfc062723c751e8b465ee728b)
Start importing Assets/Prefabs/Enviroment/Tree/Tree01/Tree01_Size4_Brown.prefab using Guid(88907b464670f844a8bdf7f0cfe01928) Importer(815301076,1909f56bfc062723c751e8b465ee728b)  -> (artifact id: '14d5e0c4b396e24a333ace0bd08ee055') in 0.073276 seconds 
========================================================================
Received Import Request.
  Time since last request: 9.598717 seconds.
  path: Assets/Prefabs/Enviroment/Tree/Tree01/Tree01_Size4_Red.prefab
  artifactKey: Guid(35e997cc65fd5b44790f711dd640ec0b) Importer(815301076,1909f56bfc062723c751e8b465ee728b)
Start importing Assets/Prefabs/Enviroment/Tree/Tree01/Tree01_Size4_Red.prefab using Guid(35e997cc65fd5b44790f711dd640ec0b) Importer(815301076,1909f56bfc062723c751e8b465ee728b)  -> (artifact id: 'f7787e9ddddd91f46775aaacddf7751d') in 0.029983 seconds 
========================================================================
Received Prepare
Registering precompiled user dll's ...
Registered in 0.009373 seconds.
Begin MonoManager ReloadAssembly
Native extension for WindowsStandalone target not found
Native extension for WebGL target not found
Refreshing native plugins compatible for Editor in 0.68 ms, found 1 plugins.
Preloading 0 native plugins for Editor in 0.00 ms.
Mono: successfully reloaded assembly
- Completed reload, in  0.668 seconds
Domain Reload Profiling:
	ReloadAssembly (669ms)
		BeginReloadAssembly (110ms)
			ExecutionOrderSort (0ms)
			DisableScriptedObjects (5ms)
			BackupInstance (0ms)
			ReleaseScriptingObjects (0ms)
			CreateAndSetChildDomain (21ms)
		EndReloadAssembly (480ms)
			LoadAssemblies (72ms)
			RebuildTransferFunctionScriptingTraits (0ms)
			SetupTypeCache (118ms)
			ReleaseScriptCaches (1ms)
			RebuildScriptCaches (31ms)
			SetupLoadedEditorAssemblies (230ms)
				LogAssemblyErrors (0ms)
				InitializePlatformSupportModulesInManaged (6ms)
				SetLoadedEditorAssemblies (0ms)
				RefreshPlugins (1ms)
				BeforeProcessingInitializeOnLoad (56ms)
				ProcessInitializeOnLoadAttributes (110ms)
				ProcessInitializeOnLoadMethodAttributes (47ms)
				AfterProcessingInitializeOnLoad (10ms)
				EditorAssembliesLoaded (0ms)
			ExecutionOrderSort2 (0ms)
			AwakeInstancesAfterBackupRestoration (7ms)
Platform modules already initialized, skipping
Refreshing native plugins compatible for Editor in 2.26 ms, found 1 plugins.
Preloading 0 native plugins for Editor in 0.00 ms.
Unloading 2143 Unused Serialized files (Serialized files now loaded: 0)
Unloading 27 unused Assets / (92.6 KB). Loaded Objects now: 3003.
Memory consumption went from 115.3 MB to 115.2 MB.
Total: 2.509100 ms (FindLiveObjects: 0.153900 ms CreateObjectMapping: 0.056400 ms MarkObjects: 2.247700 ms  DeleteObjects: 0.050200 ms)

AssetImportParameters requested are different than current active one (requested -> active):
  custom:video-decoder-ogg-theora: a1e56fd34408186e4bbccfd4996cb3dc -> 
  custom:container-muxer-webm: aa71ff27fc2769a1b78a27578f13a17b -> 
  custom:container-demuxer-webm: 4f35f7cbe854078d1ac9338744f61a02 -> 
  custom:video-encoder-webm-vp8: eb34c28f22e8b96e1ab97ce403110664 -> 
  custom:CustomObjectIndexerAttribute: bc11b3a6c3213fcdd17b65e7da85e133 -> 
  custom:audio-encoder-webm-vorbis: bf7c407c2cedff20999df2af8eb42d56 -> 
  custom:framework-win-MediaFoundation: 216162199b28c13a410421893ffa2e32 -> 
  custom:container-demuxer-ogg: 62fdf1f143b41e24485cea50d1cbac27 -> 
  custom:video-decoder-webm-vp8: 9c59270c3fd7afecdb556c50c9e8de78 -> 
  custom:audio-decoder-ogg-vorbis: bf7c407c2cedff20999df2af8eb42d56 -> 
========================================================================
Received Prepare
Registering precompiled user dll's ...
Registered in 0.010490 seconds.
Begin MonoManager ReloadAssembly
Native extension for WindowsStandalone target not found
Native extension for WebGL target not found
Refreshing native plugins compatible for Editor in 0.69 ms, found 1 plugins.
Preloading 0 native plugins for Editor in 0.00 ms.
Mono: successfully reloaded assembly
- Completed reload, in  0.680 seconds
Domain Reload Profiling:
	ReloadAssembly (681ms)
		BeginReloadAssembly (103ms)
			ExecutionOrderSort (0ms)
			DisableScriptedObjects (5ms)
			BackupInstance (0ms)
			ReleaseScriptingObjects (0ms)
			CreateAndSetChildDomain (20ms)
		EndReloadAssembly (497ms)
			LoadAssemblies (70ms)
			RebuildTransferFunctionScriptingTraits (0ms)
			SetupTypeCache (125ms)
			ReleaseScriptCaches (1ms)
			RebuildScriptCaches (31ms)
			SetupLoadedEditorAssemblies (228ms)
				LogAssemblyErrors (0ms)
				InitializePlatformSupportModulesInManaged (5ms)
				SetLoadedEditorAssemblies (0ms)
				RefreshPlugins (1ms)
				BeforeProcessingInitializeOnLoad (55ms)
				ProcessInitializeOnLoadAttributes (114ms)
				ProcessInitializeOnLoadMethodAttributes (44ms)
				AfterProcessingInitializeOnLoad (8ms)
				EditorAssembliesLoaded (0ms)
			ExecutionOrderSort2 (0ms)
			AwakeInstancesAfterBackupRestoration (6ms)
Platform modules already initialized, skipping
Refreshing native plugins compatible for Editor in 2.12 ms, found 1 plugins.
Preloading 0 native plugins for Editor in 0.00 ms.
Unloading 2143 Unused Serialized files (Serialized files now loaded: 0)
Unloading 27 unused Assets / (93.7 KB). Loaded Objects now: 3018.
Memory consumption went from 115.3 MB to 115.2 MB.
Total: 2.641400 ms (FindLiveObjects: 0.174500 ms CreateObjectMapping: 0.064800 ms MarkObjects: 2.364000 ms  DeleteObjects: 0.037200 ms)

AssetImportParameters requested are different than current active one (requested -> active):
  custom:video-decoder-ogg-theora: a1e56fd34408186e4bbccfd4996cb3dc -> 
  custom:container-muxer-webm: aa71ff27fc2769a1b78a27578f13a17b -> 
  custom:container-demuxer-webm: 4f35f7cbe854078d1ac9338744f61a02 -> 
  custom:video-encoder-webm-vp8: eb34c28f22e8b96e1ab97ce403110664 -> 
  custom:CustomObjectIndexerAttribute: bc11b3a6c3213fcdd17b65e7da85e133 -> 
  custom:audio-encoder-webm-vorbis: bf7c407c2cedff20999df2af8eb42d56 -> 
  custom:framework-win-MediaFoundation: 216162199b28c13a410421893ffa2e32 -> 
  custom:container-demuxer-ogg: 62fdf1f143b41e24485cea50d1cbac27 -> 
  custom:video-decoder-webm-vp8: 9c59270c3fd7afecdb556c50c9e8de78 -> 
  custom:audio-decoder-ogg-vorbis: bf7c407c2cedff20999df2af8eb42d56 -> 
========================================================================
Received Prepare
Registering precompiled user dll's ...
Registered in 0.009673 seconds.
Begin MonoManager ReloadAssembly
Native extension for WindowsStandalone target not found
Native extension for WebGL target not found
Refreshing native plugins compatible for Editor in 0.70 ms, found 1 plugins.
Preloading 0 native plugins for Editor in 0.00 ms.
Mono: successfully reloaded assembly
- Completed reload, in  0.975 seconds
Domain Reload Profiling:
	ReloadAssembly (975ms)
		BeginReloadAssembly (140ms)
			ExecutionOrderSort (0ms)
			DisableScriptedObjects (5ms)
			BackupInstance (0ms)
			ReleaseScriptingObjects (0ms)
			CreateAndSetChildDomain (26ms)
		EndReloadAssembly (715ms)
			LoadAssemblies (96ms)
			RebuildTransferFunctionScriptingTraits (0ms)
			SetupTypeCache (178ms)
			ReleaseScriptCaches (1ms)
			RebuildScriptCaches (44ms)
			SetupLoadedEditorAssemblies (342ms)
				LogAssemblyErrors (0ms)
				InitializePlatformSupportModulesInManaged (7ms)
				SetLoadedEditorAssemblies (0ms)
				RefreshPlugins (1ms)
				BeforeProcessingInitializeOnLoad (72ms)
				ProcessInitializeOnLoadAttributes (180ms)
				ProcessInitializeOnLoadMethodAttributes (69ms)
				AfterProcessingInitializeOnLoad (12ms)
				EditorAssembliesLoaded (0ms)
			ExecutionOrderSort2 (0ms)
			AwakeInstancesAfterBackupRestoration (7ms)
Platform modules already initialized, skipping
Refreshing native plugins compatible for Editor in 3.06 ms, found 1 plugins.
Preloading 0 native plugins for Editor in 0.00 ms.
Unloading 2143 Unused Serialized files (Serialized files now loaded: 0)
Unloading 27 unused Assets / (92.8 KB). Loaded Objects now: 3033.
Memory consumption went from 115.3 MB to 115.2 MB.
Total: 3.127400 ms (FindLiveObjects: 0.323300 ms CreateObjectMapping: 0.090400 ms MarkObjects: 2.641200 ms  DeleteObjects: 0.071000 ms)

AssetImportParameters requested are different than current active one (requested -> active):
  custom:video-decoder-ogg-theora: a1e56fd34408186e4bbccfd4996cb3dc -> 
  custom:container-muxer-webm: aa71ff27fc2769a1b78a27578f13a17b -> 
  custom:container-demuxer-webm: 4f35f7cbe854078d1ac9338744f61a02 -> 
  custom:video-encoder-webm-vp8: eb34c28f22e8b96e1ab97ce403110664 -> 
  custom:CustomObjectIndexerAttribute: bc11b3a6c3213fcdd17b65e7da85e133 -> 
  custom:audio-encoder-webm-vorbis: bf7c407c2cedff20999df2af8eb42d56 -> 
  custom:framework-win-MediaFoundation: 216162199b28c13a410421893ffa2e32 -> 
  custom:container-demuxer-ogg: 62fdf1f143b41e24485cea50d1cbac27 -> 
  custom:video-decoder-webm-vp8: 9c59270c3fd7afecdb556c50c9e8de78 -> 
  custom:audio-decoder-ogg-vorbis: bf7c407c2cedff20999df2af8eb42d56 -> 
========================================================================
Received Import Request.
  Time since last request: 96.758781 seconds.
  path: Assets/Prefabs/Enviroment/Tree/Tree01/Tree01_Size05_Green.prefab
  artifactKey: Guid(5a258dd81dd4a0948b8eeef8876e53fd) Importer(815301076,1909f56bfc062723c751e8b465ee728b)
Start importing Assets/Prefabs/Enviroment/Tree/Tree01/Tree01_Size05_Green.prefab using Guid(5a258dd81dd4a0948b8eeef8876e53fd) Importer(815301076,1909f56bfc062723c751e8b465ee728b)  -> (artifact id: 'de04a9c6434677ebd2e1eaf569cc2e7e') in 0.102764 seconds 
========================================================================
Received Import Request.
  Time since last request: 15.199981 seconds.
  path: Assets/Prefabs/Enviroment/Tree/Tree01/Tree01_Size05_Green.prefab
  artifactKey: Guid(5a258dd81dd4a0948b8eeef8876e53fd) Importer(815301076,1909f56bfc062723c751e8b465ee728b)
Start importing Assets/Prefabs/Enviroment/Tree/Tree01/Tree01_Size05_Green.prefab using Guid(5a258dd81dd4a0948b8eeef8876e53fd) Importer(815301076,1909f56bfc062723c751e8b465ee728b)  -> (artifact id: 'ae3eef743a952675596392f2fbfec7cc') in 0.014500 seconds 
========================================================================
Received Import Request.
  Time since last request: 5.769984 seconds.
  path: Assets/Prefabs/Enviroment/Tree/Tree01/Tree01_Size05_Green.prefab
  artifactKey: Guid(5a258dd81dd4a0948b8eeef8876e53fd) Importer(815301076,1909f56bfc062723c751e8b465ee728b)
Start importing Assets/Prefabs/Enviroment/Tree/Tree01/Tree01_Size05_Green.prefab using Guid(5a258dd81dd4a0948b8eeef8876e53fd) Importer(815301076,1909f56bfc062723c751e8b465ee728b)  -> (artifact id: '08fe9093e23e75ec57b9003b7613c558') in 0.043752 seconds 
========================================================================
Received Import Request.
  Time since last request: 3.748815 seconds.
  path: Assets/Prefabs/Enviroment/Tree/Tree01/Tree01_Size05_Green.prefab
  artifactKey: Guid(5a258dd81dd4a0948b8eeef8876e53fd) Importer(815301076,1909f56bfc062723c751e8b465ee728b)
Start importing Assets/Prefabs/Enviroment/Tree/Tree01/Tree01_Size05_Green.prefab using Guid(5a258dd81dd4a0948b8eeef8876e53fd) Importer(815301076,1909f56bfc062723c751e8b465ee728b)  -> (artifact id: '253d6af978827451a2790f9a151dfe09') in 0.042288 seconds 
========================================================================
Received Import Request.
  Time since last request: 14.553813 seconds.
  path: Assets/Prefabs/Enviroment/Tree/Tree01/Tree01_Size05_Green.prefab
  artifactKey: Guid(5a258dd81dd4a0948b8eeef8876e53fd) Importer(815301076,1909f56bfc062723c751e8b465ee728b)
Start importing Assets/Prefabs/Enviroment/Tree/Tree01/Tree01_Size05_Green.prefab using Guid(5a258dd81dd4a0948b8eeef8876e53fd) Importer(815301076,1909f56bfc062723c751e8b465ee728b)  -> (artifact id: 'ac2d74e944c008cceb0e335b1a699068') in 0.021147 seconds 
========================================================================
Received Import Request.
  Time since last request: 2.803228 seconds.
  path: Assets/Prefabs/Enviroment/Tree/Tree01/Tree01_Size05_Green.prefab
  artifactKey: Guid(5a258dd81dd4a0948b8eeef8876e53fd) Importer(815301076,1909f56bfc062723c751e8b465ee728b)
Start importing Assets/Prefabs/Enviroment/Tree/Tree01/Tree01_Size05_Green.prefab using Guid(5a258dd81dd4a0948b8eeef8876e53fd) Importer(815301076,1909f56bfc062723c751e8b465ee728b)  -> (artifact id: '38fa32cb5871ae3aed596e28bcc0e963') in 0.012458 seconds 
========================================================================
Received Import Request.
  Time since last request: 16.703531 seconds.
  path: Assets/Prefabs/Enviroment/Tree/Tree01/Tree01_Size05_Green.prefab
  artifactKey: Guid(5a258dd81dd4a0948b8eeef8876e53fd) Importer(815301076,1909f56bfc062723c751e8b465ee728b)
Start importing Assets/Prefabs/Enviroment/Tree/Tree01/Tree01_Size05_Green.prefab using Guid(5a258dd81dd4a0948b8eeef8876e53fd) Importer(815301076,1909f56bfc062723c751e8b465ee728b)  -> (artifact id: '879c1306194a231362ba7115782aa0fa') in 0.008827 seconds 
========================================================================
Received Import Request.
  Time since last request: 1.598680 seconds.
  path: Assets/Prefabs/Enviroment/Tree/Tree01/Tree01_Size05_Green.prefab
  artifactKey: Guid(5a258dd81dd4a0948b8eeef8876e53fd) Importer(815301076,1909f56bfc062723c751e8b465ee728b)
Start importing Assets/Prefabs/Enviroment/Tree/Tree01/Tree01_Size05_Green.prefab using Guid(5a258dd81dd4a0948b8eeef8876e53fd) Importer(815301076,1909f56bfc062723c751e8b465ee728b)  -> (artifact id: 'd6be5c2da0500c20acd0a03c34b3d05e') in 0.040407 seconds 
========================================================================
Received Import Request.
  Time since last request: 11.123390 seconds.
  path: Assets/Prefabs/Enviroment/Tree/Tree01/Tree01_Size05_Green.prefab
  artifactKey: Guid(5a258dd81dd4a0948b8eeef8876e53fd) Importer(815301076,1909f56bfc062723c751e8b465ee728b)
Start importing Assets/Prefabs/Enviroment/Tree/Tree01/Tree01_Size05_Green.prefab using Guid(5a258dd81dd4a0948b8eeef8876e53fd) Importer(815301076,1909f56bfc062723c751e8b465ee728b)  -> (artifact id: '7946a817b5950a7d6609df2ce4394fd7') in 0.009079 seconds 
========================================================================
Received Import Request.
  Time since last request: 12.689156 seconds.
  path: Assets/Prefabs/Enviroment/Tree/Tree01/Tree01_Size05_Green.prefab
  artifactKey: Guid(5a258dd81dd4a0948b8eeef8876e53fd) Importer(815301076,1909f56bfc062723c751e8b465ee728b)
Start importing Assets/Prefabs/Enviroment/Tree/Tree01/Tree01_Size05_Green.prefab using Guid(5a258dd81dd4a0948b8eeef8876e53fd) Importer(815301076,1909f56bfc062723c751e8b465ee728b)  -> (artifact id: '8f23e0afa9fa42e54995d98b6d8dc17b') in 0.017487 seconds 
========================================================================
Received Import Request.
  Time since last request: 3.189455 seconds.
  path: Assets/Prefabs/Enviroment/Tree/Tree01/Tree01_Size05_Green.prefab
  artifactKey: Guid(5a258dd81dd4a0948b8eeef8876e53fd) Importer(815301076,1909f56bfc062723c751e8b465ee728b)
Start importing Assets/Prefabs/Enviroment/Tree/Tree01/Tree01_Size05_Green.prefab using Guid(5a258dd81dd4a0948b8eeef8876e53fd) Importer(815301076,1909f56bfc062723c751e8b465ee728b)  -> (artifact id: 'c2ec5f883038dbedb1d6b7531f161fed') in 0.006625 seconds 
========================================================================
Received Import Request.
  Time since last request: 1.997520 seconds.
  path: Assets/Prefabs/Enviroment/Tree/Tree01/Tree01_Size05_Green.prefab
  artifactKey: Guid(5a258dd81dd4a0948b8eeef8876e53fd) Importer(815301076,1909f56bfc062723c751e8b465ee728b)
Start importing Assets/Prefabs/Enviroment/Tree/Tree01/Tree01_Size05_Green.prefab using Guid(5a258dd81dd4a0948b8eeef8876e53fd) Importer(815301076,1909f56bfc062723c751e8b465ee728b)  -> (artifact id: '80205c85e5b1d1210b3e8d87089e6870') in 0.008205 seconds 
========================================================================
Received Import Request.
  Time since last request: 2.191064 seconds.
  path: Assets/Prefabs/Enviroment/Tree/Tree01/Tree01_Size05_Green.prefab
  artifactKey: Guid(5a258dd81dd4a0948b8eeef8876e53fd) Importer(815301076,1909f56bfc062723c751e8b465ee728b)
Start importing Assets/Prefabs/Enviroment/Tree/Tree01/Tree01_Size05_Green.prefab using Guid(5a258dd81dd4a0948b8eeef8876e53fd) Importer(815301076,1909f56bfc062723c751e8b465ee728b)  -> (artifact id: 'b0608cb6585e2530964e8ee50d9eccfc') in 0.008652 seconds 
========================================================================
Received Import Request.
  Time since last request: 4.006200 seconds.
  path: Assets/Prefabs/Enviroment/Tree/Tree01/Tree01_Size05_Green.prefab
  artifactKey: Guid(5a258dd81dd4a0948b8eeef8876e53fd) Importer(815301076,1909f56bfc062723c751e8b465ee728b)
Start importing Assets/Prefabs/Enviroment/Tree/Tree01/Tree01_Size05_Green.prefab using Guid(5a258dd81dd4a0948b8eeef8876e53fd) Importer(815301076,1909f56bfc062723c751e8b465ee728b)  -> (artifact id: '815d4721fd758fc2df945fa16d1290be') in 0.031976 seconds 
========================================================================
Received Import Request.
  Time since last request: 4.404294 seconds.
  path: Assets/Prefabs/Enviroment/Tree/Tree01/Tree01_Size05_Green.prefab
  artifactKey: Guid(5a258dd81dd4a0948b8eeef8876e53fd) Importer(815301076,1909f56bfc062723c751e8b465ee728b)
Start importing Assets/Prefabs/Enviroment/Tree/Tree01/Tree01_Size05_Green.prefab using Guid(5a258dd81dd4a0948b8eeef8876e53fd) Importer(815301076,1909f56bfc062723c751e8b465ee728b)  -> (artifact id: '500f65ceda9cd41ed46698b18cf0914d') in 0.013242 seconds 
========================================================================
Received Import Request.
  Time since last request: 1.209932 seconds.
  path: Assets/Prefabs/Enviroment/Tree/Tree01/Tree01_Size05_Green.prefab
  artifactKey: Guid(5a258dd81dd4a0948b8eeef8876e53fd) Importer(815301076,1909f56bfc062723c751e8b465ee728b)
Start importing Assets/Prefabs/Enviroment/Tree/Tree01/Tree01_Size05_Green.prefab using Guid(5a258dd81dd4a0948b8eeef8876e53fd) Importer(815301076,1909f56bfc062723c751e8b465ee728b)  -> (artifact id: 'fc7ad9a410ad23cbd469a1439a4db16e') in 0.012620 seconds 
========================================================================
Received Import Request.
  Time since last request: 1.378983 seconds.
  path: Assets/Prefabs/Enviroment/Tree/Tree01/Tree01_Size05_Green.prefab
  artifactKey: Guid(5a258dd81dd4a0948b8eeef8876e53fd) Importer(815301076,1909f56bfc062723c751e8b465ee728b)
Start importing Assets/Prefabs/Enviroment/Tree/Tree01/Tree01_Size05_Green.prefab using Guid(5a258dd81dd4a0948b8eeef8876e53fd) Importer(815301076,1909f56bfc062723c751e8b465ee728b)  -> (artifact id: 'd07d5affd4cfd325aedda6e6e53a2c3c') in 0.013101 seconds 
========================================================================
Received Import Request.
  Time since last request: 1.140315 seconds.
  path: Assets/Prefabs/Enviroment/Tree/Tree01/Tree01_Size05_Green.prefab
  artifactKey: Guid(5a258dd81dd4a0948b8eeef8876e53fd) Importer(815301076,1909f56bfc062723c751e8b465ee728b)
Start importing Assets/Prefabs/Enviroment/Tree/Tree01/Tree01_Size05_Green.prefab using Guid(5a258dd81dd4a0948b8eeef8876e53fd) Importer(815301076,1909f56bfc062723c751e8b465ee728b)  -> (artifact id: '3feb2f4874bd3b371c4acc2d9cc598bc') in 0.008384 seconds 
========================================================================
Received Import Request.
  Time since last request: 1.210228 seconds.
  path: Assets/Prefabs/Enviroment/Tree/Tree01/Tree01_Size05_Green.prefab
  artifactKey: Guid(5a258dd81dd4a0948b8eeef8876e53fd) Importer(815301076,1909f56bfc062723c751e8b465ee728b)
Start importing Assets/Prefabs/Enviroment/Tree/Tree01/Tree01_Size05_Green.prefab using Guid(5a258dd81dd4a0948b8eeef8876e53fd) Importer(815301076,1909f56bfc062723c751e8b465ee728b)  -> (artifact id: 'ac4ade0705605f220898e3586051d288') in 0.008726 seconds 
========================================================================
Received Import Request.
  Time since last request: 1.196450 seconds.
  path: Assets/Prefabs/Enviroment/Tree/Tree01/Tree01_Size05_Green.prefab
  artifactKey: Guid(5a258dd81dd4a0948b8eeef8876e53fd) Importer(815301076,1909f56bfc062723c751e8b465ee728b)
Start importing Assets/Prefabs/Enviroment/Tree/Tree01/Tree01_Size05_Green.prefab using Guid(5a258dd81dd4a0948b8eeef8876e53fd) Importer(815301076,1909f56bfc062723c751e8b465ee728b)  -> (artifact id: '9ccb449841ac77ccceed704b016a7f8d') in 0.006580 seconds 
========================================================================
Received Import Request.
  Time since last request: 1.958456 seconds.
  path: Assets/Prefabs/Enviroment/Tree/Tree01/Tree01_Size05_Green.prefab
  artifactKey: Guid(5a258dd81dd4a0948b8eeef8876e53fd) Importer(815301076,1909f56bfc062723c751e8b465ee728b)
Start importing Assets/Prefabs/Enviroment/Tree/Tree01/Tree01_Size05_Green.prefab using Guid(5a258dd81dd4a0948b8eeef8876e53fd) Importer(815301076,1909f56bfc062723c751e8b465ee728b)  -> (artifact id: 'd30b23d54671b68b745ae8b7e0744d2e') in 0.015896 seconds 
========================================================================
Received Import Request.
  Time since last request: 7.678869 seconds.
  path: Assets/Prefabs/Enviroment/Tree/Tree01/Tree01_Size05_Green.prefab
  artifactKey: Guid(5a258dd81dd4a0948b8eeef8876e53fd) Importer(815301076,1909f56bfc062723c751e8b465ee728b)
Start importing Assets/Prefabs/Enviroment/Tree/Tree01/Tree01_Size05_Green.prefab using Guid(5a258dd81dd4a0948b8eeef8876e53fd) Importer(815301076,1909f56bfc062723c751e8b465ee728b)  -> (artifact id: 'e75a08c0390a3195c4f4af4e7be2b74a') in 0.024482 seconds 
========================================================================
Received Import Request.
  Time since last request: 6.162516 seconds.
  path: Assets/Prefabs/Enviroment/Tree/Tree01/Tree01_Size05_Green.prefab
  artifactKey: Guid(5a258dd81dd4a0948b8eeef8876e53fd) Importer(815301076,1909f56bfc062723c751e8b465ee728b)
Start importing Assets/Prefabs/Enviroment/Tree/Tree01/Tree01_Size05_Green.prefab using Guid(5a258dd81dd4a0948b8eeef8876e53fd) Importer(815301076,1909f56bfc062723c751e8b465ee728b)  -> (artifact id: '6058216c13945bc11d9faecbed1fc550') in 0.007115 seconds 
========================================================================
Received Import Request.
  Time since last request: 8.059085 seconds.
  path: Assets/Prefabs/Enviroment/Tree/Tree01/Tree01_Size05_Green.prefab
  artifactKey: Guid(5a258dd81dd4a0948b8eeef8876e53fd) Importer(815301076,1909f56bfc062723c751e8b465ee728b)
Start importing Assets/Prefabs/Enviroment/Tree/Tree01/Tree01_Size05_Green.prefab using Guid(5a258dd81dd4a0948b8eeef8876e53fd) Importer(815301076,1909f56bfc062723c751e8b465ee728b)  -> (artifact id: 'b1c1d818263ceb3dc09127fd844b28ae') in 0.007896 seconds 
========================================================================
Received Import Request.
  Time since last request: 3.206048 seconds.
  path: Assets/Prefabs/Enviroment/Tree/Tree01/Tree01_Size05_Green.prefab
  artifactKey: Guid(5a258dd81dd4a0948b8eeef8876e53fd) Importer(815301076,1909f56bfc062723c751e8b465ee728b)
Start importing Assets/Prefabs/Enviroment/Tree/Tree01/Tree01_Size05_Green.prefab using Guid(5a258dd81dd4a0948b8eeef8876e53fd) Importer(815301076,1909f56bfc062723c751e8b465ee728b)  -> (artifact id: 'cedfb4dcbde7eb86a072d71ef72d7a18') in 0.023213 seconds 
========================================================================
Received Import Request.
  Time since last request: 2.400684 seconds.
  path: Assets/Prefabs/Enviroment/Tree/Tree01/Tree01_Size05_Green.prefab
  artifactKey: Guid(5a258dd81dd4a0948b8eeef8876e53fd) Importer(815301076,1909f56bfc062723c751e8b465ee728b)
Start importing Assets/Prefabs/Enviroment/Tree/Tree01/Tree01_Size05_Green.prefab using Guid(5a258dd81dd4a0948b8eeef8876e53fd) Importer(815301076,1909f56bfc062723c751e8b465ee728b)  -> (artifact id: '2c65362cf38528590a881cfece22caae') in 0.040590 seconds 
========================================================================
Received Prepare
Registering precompiled user dll's ...
Registered in 0.008063 seconds.
Begin MonoManager ReloadAssembly
Native extension for WindowsStandalone target not found
Native extension for WebGL target not found
Refreshing native plugins compatible for Editor in 0.66 ms, found 1 plugins.
Preloading 0 native plugins for Editor in 0.00 ms.
Mono: successfully reloaded assembly
- Completed reload, in  0.703 seconds
Domain Reload Profiling:
	ReloadAssembly (703ms)
		BeginReloadAssembly (108ms)
			ExecutionOrderSort (0ms)
			DisableScriptedObjects (5ms)
			BackupInstance (0ms)
			ReleaseScriptingObjects (0ms)
			CreateAndSetChildDomain (21ms)
		EndReloadAssembly (513ms)
			LoadAssemblies (70ms)
			RebuildTransferFunctionScriptingTraits (0ms)
			SetupTypeCache (134ms)
			ReleaseScriptCaches (1ms)
			RebuildScriptCaches (33ms)
			SetupLoadedEditorAssemblies (237ms)
				LogAssemblyErrors (0ms)
				InitializePlatformSupportModulesInManaged (6ms)
				SetLoadedEditorAssemblies (0ms)
				RefreshPlugins (1ms)
				BeforeProcessingInitializeOnLoad (47ms)
				ProcessInitializeOnLoadAttributes (115ms)
				ProcessInitializeOnLoadMethodAttributes (57ms)
				AfterProcessingInitializeOnLoad (12ms)
				EditorAssembliesLoaded (0ms)
			ExecutionOrderSort2 (0ms)
			AwakeInstancesAfterBackupRestoration (8ms)
Platform modules already initialized, skipping
Refreshing native plugins compatible for Editor in 1.88 ms, found 1 plugins.
Preloading 0 native plugins for Editor in 0.00 ms.
Unloading 2143 Unused Serialized files (Serialized files now loaded: 0)
Unloading 27 unused Assets / (92.7 KB). Loaded Objects now: 3048.
Memory consumption went from 115.3 MB to 115.3 MB.
Total: 2.285600 ms (FindLiveObjects: 0.209700 ms CreateObjectMapping: 0.107200 ms MarkObjects: 1.934300 ms  DeleteObjects: 0.033100 ms)

AssetImportParameters requested are different than current active one (requested -> active):
  custom:video-decoder-ogg-theora: a1e56fd34408186e4bbccfd4996cb3dc -> 
  custom:container-muxer-webm: aa71ff27fc2769a1b78a27578f13a17b -> 
  custom:container-demuxer-webm: 4f35f7cbe854078d1ac9338744f61a02 -> 
  custom:video-encoder-webm-vp8: eb34c28f22e8b96e1ab97ce403110664 -> 
  custom:CustomObjectIndexerAttribute: bc11b3a6c3213fcdd17b65e7da85e133 -> 
  custom:audio-encoder-webm-vorbis: bf7c407c2cedff20999df2af8eb42d56 -> 
  custom:framework-win-MediaFoundation: 216162199b28c13a410421893ffa2e32 -> 
  custom:container-demuxer-ogg: 62fdf1f143b41e24485cea50d1cbac27 -> 
  custom:video-decoder-webm-vp8: 9c59270c3fd7afecdb556c50c9e8de78 -> 
  custom:audio-decoder-ogg-vorbis: bf7c407c2cedff20999df2af8eb42d56 -> 
========================================================================
Received Import Request.
  Time since last request: 22.291182 seconds.
  path: Assets/Prefabs/Enviroment/Tree/Tree01/Tree01_Size05_Green.prefab
  artifactKey: Guid(5a258dd81dd4a0948b8eeef8876e53fd) Importer(815301076,1909f56bfc062723c751e8b465ee728b)
Start importing Assets/Prefabs/Enviroment/Tree/Tree01/Tree01_Size05_Green.prefab using Guid(5a258dd81dd4a0948b8eeef8876e53fd) Importer(815301076,1909f56bfc062723c751e8b465ee728b)  -> (artifact id: '158a81e4aca775483efa02a56608433d') in 0.061759 seconds 
========================================================================
Received Prepare
Registering precompiled user dll's ...
Registered in 0.008261 seconds.
Begin MonoManager ReloadAssembly
Native extension for WindowsStandalone target not found
Native extension for WebGL target not found
Refreshing native plugins compatible for Editor in 0.70 ms, found 1 plugins.
Preloading 0 native plugins for Editor in 0.00 ms.
Mono: successfully reloaded assembly
- Completed reload, in  0.650 seconds
Domain Reload Profiling:
	ReloadAssembly (651ms)
		BeginReloadAssembly (100ms)
			ExecutionOrderSort (0ms)
			DisableScriptedObjects (5ms)
			BackupInstance (0ms)
			ReleaseScriptingObjects (0ms)
			CreateAndSetChildDomain (19ms)
		EndReloadAssembly (470ms)
			LoadAssemblies (63ms)
			RebuildTransferFunctionScriptingTraits (0ms)
			SetupTypeCache (115ms)
			ReleaseScriptCaches (1ms)
			RebuildScriptCaches (36ms)
			SetupLoadedEditorAssemblies (213ms)
				LogAssemblyErrors (0ms)
				InitializePlatformSupportModulesInManaged (6ms)
				SetLoadedEditorAssemblies (0ms)
				RefreshPlugins (1ms)
				BeforeProcessingInitializeOnLoad (49ms)
				ProcessInitializeOnLoadAttributes (104ms)
				ProcessInitializeOnLoadMethodAttributes (46ms)
				AfterProcessingInitializeOnLoad (7ms)
				EditorAssembliesLoaded (0ms)
			ExecutionOrderSort2 (0ms)
			AwakeInstancesAfterBackupRestoration (6ms)
Platform modules already initialized, skipping
Refreshing native plugins compatible for Editor in 2.12 ms, found 1 plugins.
Preloading 0 native plugins for Editor in 0.00 ms.
Unloading 2143 Unused Serialized files (Serialized files now loaded: 0)
Unloading 27 unused Assets / (92.8 KB). Loaded Objects now: 3063.
Memory consumption went from 115.4 MB to 115.3 MB.
Total: 2.267500 ms (FindLiveObjects: 0.192200 ms CreateObjectMapping: 0.086100 ms MarkObjects: 1.955700 ms  DeleteObjects: 0.032800 ms)

AssetImportParameters requested are different than current active one (requested -> active):
  custom:video-decoder-ogg-theora: a1e56fd34408186e4bbccfd4996cb3dc -> 
  custom:container-muxer-webm: aa71ff27fc2769a1b78a27578f13a17b -> 
  custom:container-demuxer-webm: 4f35f7cbe854078d1ac9338744f61a02 -> 
  custom:video-encoder-webm-vp8: eb34c28f22e8b96e1ab97ce403110664 -> 
  custom:CustomObjectIndexerAttribute: bc11b3a6c3213fcdd17b65e7da85e133 -> 
  custom:audio-encoder-webm-vorbis: bf7c407c2cedff20999df2af8eb42d56 -> 
  custom:framework-win-MediaFoundation: 216162199b28c13a410421893ffa2e32 -> 
  custom:container-demuxer-ogg: 62fdf1f143b41e24485cea50d1cbac27 -> 
  custom:video-decoder-webm-vp8: 9c59270c3fd7afecdb556c50c9e8de78 -> 
  custom:audio-decoder-ogg-vorbis: bf7c407c2cedff20999df2af8eb42d56 -> 
========================================================================
Received Import Request.
  Time since last request: 5.001617 seconds.
  path: Assets/Prefabs/Enviroment/Tree/Tree01/Tree01_Size05_Green.prefab
  artifactKey: Guid(5a258dd81dd4a0948b8eeef8876e53fd) Importer(815301076,1909f56bfc062723c751e8b465ee728b)
Start importing Assets/Prefabs/Enviroment/Tree/Tree01/Tree01_Size05_Green.prefab using Guid(5a258dd81dd4a0948b8eeef8876e53fd) Importer(815301076,1909f56bfc062723c751e8b465ee728b)  -> (artifact id: '72e31c1cfa72a34fbb5036f162fc8bb2') in 0.055666 seconds 
========================================================================
Received Import Request.
  Time since last request: 33.029282 seconds.
  path: Assets/Prefabs/Enviroment/Tree/Tree01/Tree01_Size05_Green.prefab
  artifactKey: Guid(5a258dd81dd4a0948b8eeef8876e53fd) Importer(815301076,1909f56bfc062723c751e8b465ee728b)
Start importing Assets/Prefabs/Enviroment/Tree/Tree01/Tree01_Size05_Green.prefab using Guid(5a258dd81dd4a0948b8eeef8876e53fd) Importer(815301076,1909f56bfc062723c751e8b465ee728b)  -> (artifact id: '1f09d3952518cb449bad6af1015ee5fc') in 0.014995 seconds 
========================================================================
Received Prepare
Registering precompiled user dll's ...
Registered in 0.010545 seconds.
Begin MonoManager ReloadAssembly
Native extension for WindowsStandalone target not found
Native extension for WebGL target not found
Refreshing native plugins compatible for Editor in 0.69 ms, found 1 plugins.
Preloading 0 native plugins for Editor in 0.00 ms.
Mono: successfully reloaded assembly
- Completed reload, in  0.652 seconds
Domain Reload Profiling:
	ReloadAssembly (652ms)
		BeginReloadAssembly (103ms)
			ExecutionOrderSort (0ms)
			DisableScriptedObjects (6ms)
			BackupInstance (0ms)
			ReleaseScriptingObjects (0ms)
			CreateAndSetChildDomain (19ms)
		EndReloadAssembly (465ms)
			LoadAssemblies (66ms)
			RebuildTransferFunctionScriptingTraits (0ms)
			SetupTypeCache (123ms)
			ReleaseScriptCaches (1ms)
			RebuildScriptCaches (30ms)
			SetupLoadedEditorAssemblies (212ms)
				LogAssemblyErrors (0ms)
				InitializePlatformSupportModulesInManaged (6ms)
				SetLoadedEditorAssemblies (0ms)
				RefreshPlugins (1ms)
				BeforeProcessingInitializeOnLoad (48ms)
				ProcessInitializeOnLoadAttributes (103ms)
				ProcessInitializeOnLoadMethodAttributes (47ms)
				AfterProcessingInitializeOnLoad (7ms)
				EditorAssembliesLoaded (0ms)
			ExecutionOrderSort2 (0ms)
			AwakeInstancesAfterBackupRestoration (6ms)
Platform modules already initialized, skipping
Refreshing native plugins compatible for Editor in 1.94 ms, found 1 plugins.
Preloading 0 native plugins for Editor in 0.00 ms.
Unloading 2143 Unused Serialized files (Serialized files now loaded: 0)
Unloading 27 unused Assets / (93.7 KB). Loaded Objects now: 3078.
Memory consumption went from 115.4 MB to 115.3 MB.
Total: 2.407100 ms (FindLiveObjects: 0.157700 ms CreateObjectMapping: 0.053300 ms MarkObjects: 2.156300 ms  DeleteObjects: 0.037800 ms)

AssetImportParameters requested are different than current active one (requested -> active):
  custom:video-decoder-ogg-theora: a1e56fd34408186e4bbccfd4996cb3dc -> 
  custom:container-muxer-webm: aa71ff27fc2769a1b78a27578f13a17b -> 
  custom:container-demuxer-webm: 4f35f7cbe854078d1ac9338744f61a02 -> 
  custom:video-encoder-webm-vp8: eb34c28f22e8b96e1ab97ce403110664 -> 
  custom:CustomObjectIndexerAttribute: bc11b3a6c3213fcdd17b65e7da85e133 -> 
  custom:audio-encoder-webm-vorbis: bf7c407c2cedff20999df2af8eb42d56 -> 
  custom:framework-win-MediaFoundation: 216162199b28c13a410421893ffa2e32 -> 
  custom:container-demuxer-ogg: 62fdf1f143b41e24485cea50d1cbac27 -> 
  custom:video-decoder-webm-vp8: 9c59270c3fd7afecdb556c50c9e8de78 -> 
  custom:audio-decoder-ogg-vorbis: bf7c407c2cedff20999df2af8eb42d56 -> 
========================================================================
Received Import Request.
  Time since last request: 30.745263 seconds.
  path: Assets/Prefabs/Enviroment/Tree/Tree01/Tree01_Size05_Green.prefab
  artifactKey: Guid(5a258dd81dd4a0948b8eeef8876e53fd) Importer(815301076,1909f56bfc062723c751e8b465ee728b)
Start importing Assets/Prefabs/Enviroment/Tree/Tree01/Tree01_Size05_Green.prefab using Guid(5a258dd81dd4a0948b8eeef8876e53fd) Importer(815301076,1909f56bfc062723c751e8b465ee728b)  -> (artifact id: '3c02b4e31831660fe976c82502c4c488') in 0.058270 seconds 
========================================================================
Received Import Request.
  Time since last request: 11.432258 seconds.
  path: Assets/Prefabs/Enviroment/Tree/Tree01/Tree01_Size05_Green.prefab
  artifactKey: Guid(5a258dd81dd4a0948b8eeef8876e53fd) Importer(815301076,1909f56bfc062723c751e8b465ee728b)
Start importing Assets/Prefabs/Enviroment/Tree/Tree01/Tree01_Size05_Green.prefab using Guid(5a258dd81dd4a0948b8eeef8876e53fd) Importer(815301076,1909f56bfc062723c751e8b465ee728b)  -> (artifact id: '44e10e6a0589ce6f2bb72ed2639b573e') in 0.069234 seconds 
========================================================================
Received Import Request.
  Time since last request: 26.022797 seconds.
  path: Assets/QuantumRaven/Art/Enviroment/Trees/Tree01/Size5/Tree01_Size5_Green.png
  artifactKey: Guid(0fde8bd847a3a1944954e1371a95e319) Importer(815301076,1909f56bfc062723c751e8b465ee728b)
Start importing Assets/QuantumRaven/Art/Enviroment/Trees/Tree01/Size5/Tree01_Size5_Green.png using Guid(0fde8bd847a3a1944954e1371a95e319) Importer(815301076,1909f56bfc062723c751e8b465ee728b)  -> (artifact id: '6233a4d93b8a831f3ab51c34c3081c0b') in 0.051132 seconds 
========================================================================
Received Import Request.
  Time since last request: 11.417786 seconds.
  path: Assets/QuantumRaven/Art/Enviroment/Trees/Tree01/Size5/Tree01_Size5_Green.png
  artifactKey: Guid(0fde8bd847a3a1944954e1371a95e319) Importer(815301076,1909f56bfc062723c751e8b465ee728b)
Start importing Assets/QuantumRaven/Art/Enviroment/Trees/Tree01/Size5/Tree01_Size5_Green.png using Guid(0fde8bd847a3a1944954e1371a95e319) Importer(815301076,1909f56bfc062723c751e8b465ee728b)  -> (artifact id: '780690714c88200d75e6dea7b3d9f685') in 0.011785 seconds 
========================================================================
Received Import Request.
  Time since last request: 17.375919 seconds.
  path: Assets/QuantumRaven/Art/Enviroment/Trees/Tree01/Size5/Tree01_Size5_Green.png
  artifactKey: Guid(0fde8bd847a3a1944954e1371a95e319) Importer(815301076,1909f56bfc062723c751e8b465ee728b)
Start importing Assets/QuantumRaven/Art/Enviroment/Trees/Tree01/Size5/Tree01_Size5_Green.png using Guid(0fde8bd847a3a1944954e1371a95e319) Importer(815301076,1909f56bfc062723c751e8b465ee728b)  -> (artifact id: '0b42561f03a40d81b6d0699a8b1f8bf1') in 0.010816 seconds 
========================================================================
Received Prepare
Registering precompiled user dll's ...
Registered in 0.009108 seconds.
Begin MonoManager ReloadAssembly
Native extension for WindowsStandalone target not found
Native extension for WebGL target not found
Refreshing native plugins compatible for Editor in 0.66 ms, found 1 plugins.
Preloading 0 native plugins for Editor in 0.00 ms.
Mono: successfully reloaded assembly
- Completed reload, in  0.646 seconds
Domain Reload Profiling:
	ReloadAssembly (646ms)
		BeginReloadAssembly (100ms)
			ExecutionOrderSort (0ms)
			DisableScriptedObjects (5ms)
			BackupInstance (0ms)
			ReleaseScriptingObjects (0ms)
			CreateAndSetChildDomain (20ms)
		EndReloadAssembly (466ms)
			LoadAssemblies (64ms)
			RebuildTransferFunctionScriptingTraits (0ms)
			SetupTypeCache (124ms)
			ReleaseScriptCaches (1ms)
			RebuildScriptCaches (32ms)
			SetupLoadedEditorAssemblies (213ms)
				LogAssemblyErrors (0ms)
				InitializePlatformSupportModulesInManaged (6ms)
				SetLoadedEditorAssemblies (0ms)
				RefreshPlugins (1ms)
				BeforeProcessingInitializeOnLoad (47ms)
				ProcessInitializeOnLoadAttributes (106ms)
				ProcessInitializeOnLoadMethodAttributes (45ms)
				AfterProcessingInitializeOnLoad (8ms)
				EditorAssembliesLoaded (0ms)
			ExecutionOrderSort2 (0ms)
			AwakeInstancesAfterBackupRestoration (8ms)
Platform modules already initialized, skipping
Refreshing native plugins compatible for Editor in 2.07 ms, found 1 plugins.
Preloading 0 native plugins for Editor in 0.00 ms.
Unloading 2143 Unused Serialized files (Serialized files now loaded: 0)
Unloading 27 unused Assets / (92.7 KB). Loaded Objects now: 3096.
Memory consumption went from 115.4 MB to 115.3 MB.
Total: 2.302200 ms (FindLiveObjects: 0.170500 ms CreateObjectMapping: 0.051900 ms MarkObjects: 2.044700 ms  DeleteObjects: 0.033900 ms)

AssetImportParameters requested are different than current active one (requested -> active):
  custom:video-decoder-ogg-theora: a1e56fd34408186e4bbccfd4996cb3dc -> 
  custom:container-muxer-webm: aa71ff27fc2769a1b78a27578f13a17b -> 
  custom:container-demuxer-webm: 4f35f7cbe854078d1ac9338744f61a02 -> 
  custom:video-encoder-webm-vp8: eb34c28f22e8b96e1ab97ce403110664 -> 
  custom:CustomObjectIndexerAttribute: bc11b3a6c3213fcdd17b65e7da85e133 -> 
  custom:audio-encoder-webm-vorbis: bf7c407c2cedff20999df2af8eb42d56 -> 
  custom:framework-win-MediaFoundation: 216162199b28c13a410421893ffa2e32 -> 
  custom:container-demuxer-ogg: 62fdf1f143b41e24485cea50d1cbac27 -> 
  custom:video-decoder-webm-vp8: 9c59270c3fd7afecdb556c50c9e8de78 -> 
  custom:audio-decoder-ogg-vorbis: bf7c407c2cedff20999df2af8eb42d56 -> 
========================================================================
Received Import Request.
  Time since last request: 29.018029 seconds.
  path: Assets/QuantumRaven/Art/Enviroment/Trees/Tree01/Size5/Tree01_Size5_Green.png
  artifactKey: Guid(0fde8bd847a3a1944954e1371a95e319) Importer(815301076,1909f56bfc062723c751e8b465ee728b)
Start importing Assets/QuantumRaven/Art/Enviroment/Trees/Tree01/Size5/Tree01_Size5_Green.png using Guid(0fde8bd847a3a1944954e1371a95e319) Importer(815301076,1909f56bfc062723c751e8b465ee728b)  -> (artifact id: '6f3e381284919624ac7cd11f1d2e314e') in 0.049744 seconds 
========================================================================
Received Prepare
Registering precompiled user dll's ...
Registered in 0.008169 seconds.
Begin MonoManager ReloadAssembly
Native extension for WindowsStandalone target not found
Native extension for WebGL target not found
Refreshing native plugins compatible for Editor in 0.68 ms, found 1 plugins.
Preloading 0 native plugins for Editor in 0.00 ms.
Mono: successfully reloaded assembly
- Completed reload, in  0.650 seconds
Domain Reload Profiling:
	ReloadAssembly (651ms)
		BeginReloadAssembly (106ms)
			ExecutionOrderSort (0ms)
			DisableScriptedObjects (5ms)
			BackupInstance (0ms)
			ReleaseScriptingObjects (0ms)
			CreateAndSetChildDomain (21ms)
		EndReloadAssembly (465ms)
			LoadAssemblies (66ms)
			RebuildTransferFunctionScriptingTraits (0ms)
			SetupTypeCache (116ms)
			ReleaseScriptCaches (1ms)
			RebuildScriptCaches (30ms)
			SetupLoadedEditorAssemblies (222ms)
				LogAssemblyErrors (0ms)
				InitializePlatformSupportModulesInManaged (6ms)
				SetLoadedEditorAssemblies (0ms)
				RefreshPlugins (1ms)
				BeforeProcessingInitializeOnLoad (49ms)
				ProcessInitializeOnLoadAttributes (113ms)
				ProcessInitializeOnLoadMethodAttributes (43ms)
				AfterProcessingInitializeOnLoad (10ms)
				EditorAssembliesLoaded (0ms)
			ExecutionOrderSort2 (0ms)
			AwakeInstancesAfterBackupRestoration (6ms)
Platform modules already initialized, skipping
Refreshing native plugins compatible for Editor in 1.90 ms, found 1 plugins.
Preloading 0 native plugins for Editor in 0.00 ms.
Unloading 2143 Unused Serialized files (Serialized files now loaded: 0)
Unloading 27 unused Assets / (92.8 KB). Loaded Objects now: 3111.
Memory consumption went from 115.4 MB to 115.3 MB.
Total: 2.397000 ms (FindLiveObjects: 0.156300 ms CreateObjectMapping: 0.091200 ms MarkObjects: 2.115200 ms  DeleteObjects: 0.033300 ms)

AssetImportParameters requested are different than current active one (requested -> active):
  custom:video-decoder-ogg-theora: a1e56fd34408186e4bbccfd4996cb3dc -> 
  custom:container-muxer-webm: aa71ff27fc2769a1b78a27578f13a17b -> 
  custom:container-demuxer-webm: 4f35f7cbe854078d1ac9338744f61a02 -> 
  custom:video-encoder-webm-vp8: eb34c28f22e8b96e1ab97ce403110664 -> 
  custom:CustomObjectIndexerAttribute: bc11b3a6c3213fcdd17b65e7da85e133 -> 
  custom:audio-encoder-webm-vorbis: bf7c407c2cedff20999df2af8eb42d56 -> 
  custom:framework-win-MediaFoundation: 216162199b28c13a410421893ffa2e32 -> 
  custom:container-demuxer-ogg: 62fdf1f143b41e24485cea50d1cbac27 -> 
  custom:video-decoder-webm-vp8: 9c59270c3fd7afecdb556c50c9e8de78 -> 
  custom:audio-decoder-ogg-vorbis: bf7c407c2cedff20999df2af8eb42d56 -> 
========================================================================
Received Import Request.
  Time since last request: 217.852616 seconds.
  path: Assets/Prefabs/Enviroment/Tree/Tree01/Tree01_Size05_Green.prefab
  artifactKey: Guid(5a258dd81dd4a0948b8eeef8876e53fd) Importer(815301076,1909f56bfc062723c751e8b465ee728b)
Start importing Assets/Prefabs/Enviroment/Tree/Tree01/Tree01_Size05_Green.prefab using Guid(5a258dd81dd4a0948b8eeef8876e53fd) Importer(815301076,1909f56bfc062723c751e8b465ee728b)  -> (artifact id: '1c8c0a80c1cabc76265319fc9da4ef5d') in 0.042456 seconds 
========================================================================
Received Import Request.
  Time since last request: 5.182435 seconds.
  path: Assets/Prefabs/Enviroment/Tree/Tree01/Tree01_Size05_Green.prefab
  artifactKey: Guid(5a258dd81dd4a0948b8eeef8876e53fd) Importer(815301076,1909f56bfc062723c751e8b465ee728b)
Start importing Assets/Prefabs/Enviroment/Tree/Tree01/Tree01_Size05_Green.prefab using Guid(5a258dd81dd4a0948b8eeef8876e53fd) Importer(815301076,1909f56bfc062723c751e8b465ee728b)  -> (artifact id: '87a927761ca6d469321e72879f11237c') in 0.007077 seconds 
========================================================================
Received Prepare
Registering precompiled user dll's ...
Registered in 0.008579 seconds.
Begin MonoManager ReloadAssembly
Native extension for WindowsStandalone target not found
Native extension for WebGL target not found
Refreshing native plugins compatible for Editor in 0.68 ms, found 1 plugins.
Preloading 0 native plugins for Editor in 0.00 ms.
Mono: successfully reloaded assembly
- Completed reload, in  0.654 seconds
Domain Reload Profiling:
	ReloadAssembly (655ms)
		BeginReloadAssembly (102ms)
			ExecutionOrderSort (0ms)
			DisableScriptedObjects (4ms)
			BackupInstance (0ms)
			ReleaseScriptingObjects (0ms)
			CreateAndSetChildDomain (21ms)
		EndReloadAssembly (474ms)
			LoadAssemblies (66ms)
			RebuildTransferFunctionScriptingTraits (0ms)
			SetupTypeCache (113ms)
			ReleaseScriptCaches (1ms)
			RebuildScriptCaches (29ms)
			SetupLoadedEditorAssemblies (230ms)
				LogAssemblyErrors (0ms)
				InitializePlatformSupportModulesInManaged (5ms)
				SetLoadedEditorAssemblies (0ms)
				RefreshPlugins (1ms)
				BeforeProcessingInitializeOnLoad (47ms)
				ProcessInitializeOnLoadAttributes (116ms)
				ProcessInitializeOnLoadMethodAttributes (49ms)
				AfterProcessingInitializeOnLoad (11ms)
				EditorAssembliesLoaded (0ms)
			ExecutionOrderSort2 (0ms)
			AwakeInstancesAfterBackupRestoration (9ms)
Platform modules already initialized, skipping
Refreshing native plugins compatible for Editor in 2.17 ms, found 1 plugins.
Preloading 0 native plugins for Editor in 0.00 ms.
Unloading 2143 Unused Serialized files (Serialized files now loaded: 0)
Unloading 27 unused Assets / (92.6 KB). Loaded Objects now: 3126.
Memory consumption went from 115.4 MB to 115.3 MB.
Total: 2.382500 ms (FindLiveObjects: 0.168400 ms CreateObjectMapping: 0.059100 ms MarkObjects: 2.115800 ms  DeleteObjects: 0.038100 ms)

AssetImportParameters requested are different than current active one (requested -> active):
  custom:video-decoder-ogg-theora: a1e56fd34408186e4bbccfd4996cb3dc -> 
  custom:container-muxer-webm: aa71ff27fc2769a1b78a27578f13a17b -> 
  custom:container-demuxer-webm: 4f35f7cbe854078d1ac9338744f61a02 -> 
  custom:video-encoder-webm-vp8: eb34c28f22e8b96e1ab97ce403110664 -> 
  custom:CustomObjectIndexerAttribute: bc11b3a6c3213fcdd17b65e7da85e133 -> 
  custom:audio-encoder-webm-vorbis: bf7c407c2cedff20999df2af8eb42d56 -> 
  custom:framework-win-MediaFoundation: 216162199b28c13a410421893ffa2e32 -> 
  custom:container-demuxer-ogg: 62fdf1f143b41e24485cea50d1cbac27 -> 
  custom:video-decoder-webm-vp8: 9c59270c3fd7afecdb556c50c9e8de78 -> 
  custom:audio-decoder-ogg-vorbis: bf7c407c2cedff20999df2af8eb42d56 -> 
========================================================================
Received Import Request.
  Time since last request: 62.091668 seconds.
  path: Assets/Prefabs/Enviroment/Tree/Tree01/Tree01_Size05_Green 1.prefab
  artifactKey: Guid(4cf8372ed9f01b04f8393d585decbd41) Importer(815301076,1909f56bfc062723c751e8b465ee728b)
Start importing Assets/Prefabs/Enviroment/Tree/Tree01/Tree01_Size05_Green 1.prefab using Guid(4cf8372ed9f01b04f8393d585decbd41) Importer(815301076,1909f56bfc062723c751e8b465ee728b)  -> (artifact id: '89d38a75e9e3364bef3fea60ab24a82f') in 0.046998 seconds 
========================================================================
Received Import Request.
  Time since last request: 7.111065 seconds.
  path: Assets/Prefabs/Enviroment/Tree/Tree01/Tree01_Size05_Yellow.prefab
  artifactKey: Guid(4cf8372ed9f01b04f8393d585decbd41) Importer(815301076,1909f56bfc062723c751e8b465ee728b)
Start importing Assets/Prefabs/Enviroment/Tree/Tree01/Tree01_Size05_Yellow.prefab using Guid(4cf8372ed9f01b04f8393d585decbd41) Importer(815301076,1909f56bfc062723c751e8b465ee728b)  -> (artifact id: '26428edc315d885ca670d090376c0bd6') in 0.037243 seconds 
========================================================================
Received Import Request.
  Time since last request: 99.162207 seconds.
  path: Assets/QuantumRaven/Art/Enviroment/Trees/Tree01/Size5/Tree01_Size5_Brown.png
  artifactKey: Guid(ac9ba05c9c4425445ad22c791f9f0e11) Importer(815301076,1909f56bfc062723c751e8b465ee728b)
Start importing Assets/QuantumRaven/Art/Enviroment/Trees/Tree01/Size5/Tree01_Size5_Brown.png using Guid(ac9ba05c9c4425445ad22c791f9f0e11) Importer(815301076,1909f56bfc062723c751e8b465ee728b)  -> (artifact id: '3411c36ed5c2be527fa9eac61f3a764b') in 0.040509 seconds 
========================================================================
Received Import Request.
  Time since last request: 11.775308 seconds.
  path: Assets/QuantumRaven/Art/Enviroment/Trees/Tree01/Size5/Tree01_Size5_Brown.png
  artifactKey: Guid(ac9ba05c9c4425445ad22c791f9f0e11) Importer(815301076,1909f56bfc062723c751e8b465ee728b)
Start importing Assets/QuantumRaven/Art/Enviroment/Trees/Tree01/Size5/Tree01_Size5_Brown.png using Guid(ac9ba05c9c4425445ad22c791f9f0e11) Importer(815301076,1909f56bfc062723c751e8b465ee728b)  -> (artifact id: 'befbafc1b6e8cbd00ee8aa00fadd8459') in 0.012957 seconds 
========================================================================
Received Import Request.
  Time since last request: 7.375744 seconds.
  path: Assets/Prefabs/Enviroment/Tree/Tree01/Tree01_Size05_Yellow.prefab
  artifactKey: Guid(4cf8372ed9f01b04f8393d585decbd41) Importer(815301076,1909f56bfc062723c751e8b465ee728b)
Start importing Assets/Prefabs/Enviroment/Tree/Tree01/Tree01_Size05_Yellow.prefab using Guid(4cf8372ed9f01b04f8393d585decbd41) Importer(815301076,1909f56bfc062723c751e8b465ee728b)  -> (artifact id: 'acdbba245d1bb0a739cd7de4c1d369bf') in 0.005933 seconds 
========================================================================
Received Import Request.
  Time since last request: 3.715414 seconds.
  path: Assets/Prefabs/Enviroment/Tree/Tree01/Tree01_Size05_Green 1.prefab
  artifactKey: Guid(52441c779d3e6be4b952faa85cc7ecdd) Importer(815301076,1909f56bfc062723c751e8b465ee728b)
Start importing Assets/Prefabs/Enviroment/Tree/Tree01/Tree01_Size05_Green 1.prefab using Guid(52441c779d3e6be4b952faa85cc7ecdd) Importer(815301076,1909f56bfc062723c751e8b465ee728b)  -> (artifact id: 'd052927976befa3778d51faa8ad4dbba') in 0.008536 seconds 
========================================================================
Received Import Request.
  Time since last request: 10.133017 seconds.
  path: Assets/Prefabs/Enviroment/Tree/Tree01/Tree01_Size05_Brown.prefab
  artifactKey: Guid(52441c779d3e6be4b952faa85cc7ecdd) Importer(815301076,1909f56bfc062723c751e8b465ee728b)
Start importing Assets/Prefabs/Enviroment/Tree/Tree01/Tree01_Size05_Brown.prefab using Guid(52441c779d3e6be4b952faa85cc7ecdd) Importer(815301076,1909f56bfc062723c751e8b465ee728b)  -> (artifact id: 'cb60df1b39bb77595f925ea504829f00') in 0.009321 seconds 
========================================================================
Received Import Request.
  Time since last request: 8.797166 seconds.
  path: Assets/Prefabs/Enviroment/Tree/Tree01/Tree01_Size05_Brown.prefab
  artifactKey: Guid(52441c779d3e6be4b952faa85cc7ecdd) Importer(815301076,1909f56bfc062723c751e8b465ee728b)
Start importing Assets/Prefabs/Enviroment/Tree/Tree01/Tree01_Size05_Brown.prefab using Guid(52441c779d3e6be4b952faa85cc7ecdd) Importer(815301076,1909f56bfc062723c751e8b465ee728b)  -> (artifact id: '673c661e1dc708191f64e1e377b9aaa6') in 0.008009 seconds 
========================================================================
Received Import Request.
  Time since last request: 2.388867 seconds.
  path: Assets/Prefabs/Enviroment/Tree/Tree01/Tree01_Size05_Brown 1.prefab
  artifactKey: Guid(9ec43eb3a2b1a2f4a8f18aa4aeb8ff31) Importer(815301076,1909f56bfc062723c751e8b465ee728b)
Start importing Assets/Prefabs/Enviroment/Tree/Tree01/Tree01_Size05_Brown 1.prefab using Guid(9ec43eb3a2b1a2f4a8f18aa4aeb8ff31) Importer(815301076,1909f56bfc062723c751e8b465ee728b)  -> (artifact id: 'aabbdcca2207a20d1366fef0263d12fc') in 0.013206 seconds 
========================================================================
Received Import Request.
  Time since last request: 6.080103 seconds.
  path: Assets/Prefabs/Enviroment/Tree/Tree01/Tree01_Size05_Red.prefab
  artifactKey: Guid(9ec43eb3a2b1a2f4a8f18aa4aeb8ff31) Importer(815301076,1909f56bfc062723c751e8b465ee728b)
Start importing Assets/Prefabs/Enviroment/Tree/Tree01/Tree01_Size05_Red.prefab using Guid(9ec43eb3a2b1a2f4a8f18aa4aeb8ff31) Importer(815301076,1909f56bfc062723c751e8b465ee728b)  -> (artifact id: 'b1b04361acea6f9162724f672acfd4d0') in 0.046990 seconds 
========================================================================
Received Import Request.
  Time since last request: 8.309792 seconds.
  path: Assets/Prefabs/Enviroment/Tree/Tree01/Tree01_Size05_Red.prefab
  artifactKey: Guid(9ec43eb3a2b1a2f4a8f18aa4aeb8ff31) Importer(815301076,1909f56bfc062723c751e8b465ee728b)
Start importing Assets/Prefabs/Enviroment/Tree/Tree01/Tree01_Size05_Red.prefab using Guid(9ec43eb3a2b1a2f4a8f18aa4aeb8ff31) Importer(815301076,1909f56bfc062723c751e8b465ee728b)  -> (artifact id: '03cc28280cb748d6bbf1519523fdbd40') in 0.007064 seconds 
========================================================================
Received Import Request.
  Time since last request: 2.736260 seconds.
  path: Assets/Prefabs/Enviroment/Tree/Tree01/Tree01_Size05_Green 1.prefab
  artifactKey: Guid(abdc186e7a361f04682caae1d87c6fd7) Importer(815301076,1909f56bfc062723c751e8b465ee728b)
Start importing Assets/Prefabs/Enviroment/Tree/Tree01/Tree01_Size05_Green 1.prefab using Guid(abdc186e7a361f04682caae1d87c6fd7) Importer(815301076,1909f56bfc062723c751e8b465ee728b)  -> (artifact id: '63d3df3244a573f6d221ba52949bb2a0') in 0.008524 seconds 
========================================================================
Received Import Request.
  Time since last request: 7.887139 seconds.
  path: Assets/Prefabs/Enviroment/Tree/Tree01/Tree01_Size05_NoLeaf.prefab
  artifactKey: Guid(abdc186e7a361f04682caae1d87c6fd7) Importer(815301076,1909f56bfc062723c751e8b465ee728b)
Start importing Assets/Prefabs/Enviroment/Tree/Tree01/Tree01_Size05_NoLeaf.prefab using Guid(abdc186e7a361f04682caae1d87c6fd7) Importer(815301076,1909f56bfc062723c751e8b465ee728b)  -> (artifact id: '086df47cde6bf6b7cca0e886f3ed8455') in 0.007501 seconds 
========================================================================
Received Import Request.
  Time since last request: 54.614143 seconds.
  path: Assets/Prefabs/Enviroment/Tree/Tree01/Tree01_Size05_NoLeaf.prefab
  artifactKey: Guid(abdc186e7a361f04682caae1d87c6fd7) Importer(815301076,1909f56bfc062723c751e8b465ee728b)
Start importing Assets/Prefabs/Enviroment/Tree/Tree01/Tree01_Size05_NoLeaf.prefab using Guid(abdc186e7a361f04682caae1d87c6fd7) Importer(815301076,1909f56bfc062723c751e8b465ee728b)  -> (artifact id: 'd4702b8e638c17b825f7a0d9cf252d15') in 0.006952 seconds 
========================================================================
Received Import Request.
  Time since last request: 4.617364 seconds.
  path: Assets/Prefabs/Enviroment/Tree/Tree01/Tree01_Size05_Green.prefab
  artifactKey: Guid(5a258dd81dd4a0948b8eeef8876e53fd) Importer(815301076,1909f56bfc062723c751e8b465ee728b)
Start importing Assets/Prefabs/Enviroment/Tree/Tree01/Tree01_Size05_Green.prefab using Guid(5a258dd81dd4a0948b8eeef8876e53fd) Importer(815301076,1909f56bfc062723c751e8b465ee728b)  -> (artifact id: '03f5f69fd1f9b446d46c475110c41c99') in 0.007129 seconds 
========================================================================
Received Import Request.
  Time since last request: 4.360999 seconds.
  path: Assets/Prefabs/Enviroment/Tree/Tree01/Tree01_Size05_Brown.prefab
  artifactKey: Guid(52441c779d3e6be4b952faa85cc7ecdd) Importer(815301076,1909f56bfc062723c751e8b465ee728b)
Start importing Assets/Prefabs/Enviroment/Tree/Tree01/Tree01_Size05_Brown.prefab using Guid(52441c779d3e6be4b952faa85cc7ecdd) Importer(815301076,1909f56bfc062723c751e8b465ee728b)  -> (artifact id: 'e7b1d764afd9af4ce0ece60ae27a1156') in 0.025652 seconds 
========================================================================
Received Import Request.
  Time since last request: 4.320677 seconds.
  path: Assets/Prefabs/Enviroment/Tree/Tree01/Tree01_Size05_Red.prefab
  artifactKey: Guid(9ec43eb3a2b1a2f4a8f18aa4aeb8ff31) Importer(815301076,1909f56bfc062723c751e8b465ee728b)
Start importing Assets/Prefabs/Enviroment/Tree/Tree01/Tree01_Size05_Red.prefab using Guid(9ec43eb3a2b1a2f4a8f18aa4aeb8ff31) Importer(815301076,1909f56bfc062723c751e8b465ee728b)  -> (artifact id: 'bd5e66d380186739e9edb59c3dc80919') in 0.005879 seconds 
========================================================================
Received Import Request.
  Time since last request: 2.886106 seconds.
  path: Assets/Prefabs/Enviroment/Tree/Tree01/Tree01_Size05_Yellow.prefab
  artifactKey: Guid(4cf8372ed9f01b04f8393d585decbd41) Importer(815301076,1909f56bfc062723c751e8b465ee728b)
Start importing Assets/Prefabs/Enviroment/Tree/Tree01/Tree01_Size05_Yellow.prefab using Guid(4cf8372ed9f01b04f8393d585decbd41) Importer(815301076,1909f56bfc062723c751e8b465ee728b)  -> (artifact id: '19164baef3efcef73178ccf9b0269318') in 0.012686 seconds 
========================================================================
Received Import Request.
  Time since last request: 16.971895 seconds.
  path: Assets/Scenes
  artifactKey: Guid(427fdaaee8fc7b24397294fcf84b7b90) Importer(815301076,1909f56bfc062723c751e8b465ee728b)
Start importing Assets/Scenes using Guid(427fdaaee8fc7b24397294fcf84b7b90) Importer(815301076,1909f56bfc062723c751e8b465ee728b)  -> (artifact id: '9806523c1ffe26109cc4b17e62f6c295') in 0.008470 seconds 
========================================================================
Received Import Request.
  Time since last request: 28.403056 seconds.
  path: Assets/QuantumRaven/Art/Enviroment/Trees/Tree01/Size5/Tree01_Size5_Brown.png
  artifactKey: Guid(ac9ba05c9c4425445ad22c791f9f0e11) Importer(815301076,1909f56bfc062723c751e8b465ee728b)
Start importing Assets/QuantumRaven/Art/Enviroment/Trees/Tree01/Size5/Tree01_Size5_Brown.png using Guid(ac9ba05c9c4425445ad22c791f9f0e11) Importer(815301076,1909f56bfc062723c751e8b465ee728b)  -> (artifact id: '166a2fec5651aa48a54c64a2910b7b08') in 0.040199 seconds 
========================================================================
Received Import Request.
  Time since last request: 0.000017 seconds.
  path: Assets/QuantumRaven/Art/Enviroment/Trees/Tree01/Size5/Tree01_Size5_Red.png
  artifactKey: Guid(f62bd3aaa494d4b45ad661da1611e3c7) Importer(815301076,1909f56bfc062723c751e8b465ee728b)
Start importing Assets/QuantumRaven/Art/Enviroment/Trees/Tree01/Size5/Tree01_Size5_Red.png using Guid(f62bd3aaa494d4b45ad661da1611e3c7) Importer(815301076,1909f56bfc062723c751e8b465ee728b)  -> (artifact id: '96ef0f951077aa3c1d5a216010494809') in 0.032093 seconds 
========================================================================
Received Import Request.
  Time since last request: 0.000021 seconds.
  path: Assets/QuantumRaven/Art/Enviroment/Trees/Tree01/Size5/Tree01_Size5_NoLeaf.png
  artifactKey: Guid(b680ef83114fa8b4abd7576e2ba9260c) Importer(815301076,1909f56bfc062723c751e8b465ee728b)
Start importing Assets/QuantumRaven/Art/Enviroment/Trees/Tree01/Size5/Tree01_Size5_NoLeaf.png using Guid(b680ef83114fa8b4abd7576e2ba9260c) Importer(815301076,1909f56bfc062723c751e8b465ee728b)  -> (artifact id: '391d39ebc50a94a15668ffbd6ea1401f') in 0.021012 seconds 
========================================================================
Received Import Request.
  Time since last request: 10.454907 seconds.
  path: Assets/QuantumRaven/Art/Enviroment/Trees/Tree01/Size5/Tree01_Size5_Green.png
  artifactKey: Guid(0fde8bd847a3a1944954e1371a95e319) Importer(815301076,1909f56bfc062723c751e8b465ee728b)
Start importing Assets/QuantumRaven/Art/Enviroment/Trees/Tree01/Size5/Tree01_Size5_Green.png using Guid(0fde8bd847a3a1944954e1371a95e319) Importer(815301076,1909f56bfc062723c751e8b465ee728b)  -> (artifact id: 'e5857c62cd1a84e67f27279dec31e112') in 0.015688 seconds 
========================================================================
Received Prepare
Registering precompiled user dll's ...
Registered in 0.008729 seconds.
Begin MonoManager ReloadAssembly
Native extension for WindowsStandalone target not found
Native extension for WebGL target not found
Refreshing native plugins compatible for Editor in 0.67 ms, found 1 plugins.
Preloading 0 native plugins for Editor in 0.00 ms.
Mono: successfully reloaded assembly
- Completed reload, in  0.658 seconds
Domain Reload Profiling:
	ReloadAssembly (659ms)
		BeginReloadAssembly (110ms)
			ExecutionOrderSort (0ms)
			DisableScriptedObjects (5ms)
			BackupInstance (0ms)
			ReleaseScriptingObjects (0ms)
			CreateAndSetChildDomain (22ms)
		EndReloadAssembly (469ms)
			LoadAssemblies (71ms)
			RebuildTransferFunctionScriptingTraits (0ms)
			SetupTypeCache (120ms)
			ReleaseScriptCaches (1ms)
			RebuildScriptCaches (30ms)
			SetupLoadedEditorAssemblies (220ms)
				LogAssemblyErrors (0ms)
				InitializePlatformSupportModulesInManaged (5ms)
				SetLoadedEditorAssemblies (1ms)
				RefreshPlugins (1ms)
				BeforeProcessingInitializeOnLoad (48ms)
				ProcessInitializeOnLoadAttributes (110ms)
				ProcessInitializeOnLoadMethodAttributes (48ms)
				AfterProcessingInitializeOnLoad (8ms)
				EditorAssembliesLoaded (0ms)
			ExecutionOrderSort2 (0ms)
			AwakeInstancesAfterBackupRestoration (5ms)
Platform modules already initialized, skipping
Refreshing native plugins compatible for Editor in 2.10 ms, found 1 plugins.
Preloading 0 native plugins for Editor in 0.00 ms.
Unloading 2143 Unused Serialized files (Serialized files now loaded: 0)
Unloading 27 unused Assets / (92.8 KB). Loaded Objects now: 3141.
Memory consumption went from 115.5 MB to 115.4 MB.
Total: 2.314100 ms (FindLiveObjects: 0.162300 ms CreateObjectMapping: 0.055300 ms MarkObjects: 2.061300 ms  DeleteObjects: 0.034200 ms)

AssetImportParameters requested are different than current active one (requested -> active):
  custom:video-decoder-ogg-theora: a1e56fd34408186e4bbccfd4996cb3dc -> 
  custom:container-muxer-webm: aa71ff27fc2769a1b78a27578f13a17b -> 
  custom:container-demuxer-webm: 4f35f7cbe854078d1ac9338744f61a02 -> 
  custom:video-encoder-webm-vp8: eb34c28f22e8b96e1ab97ce403110664 -> 
  custom:CustomObjectIndexerAttribute: bc11b3a6c3213fcdd17b65e7da85e133 -> 
  custom:audio-encoder-webm-vorbis: bf7c407c2cedff20999df2af8eb42d56 -> 
  custom:framework-win-MediaFoundation: 216162199b28c13a410421893ffa2e32 -> 
  custom:container-demuxer-ogg: 62fdf1f143b41e24485cea50d1cbac27 -> 
  custom:video-decoder-webm-vp8: 9c59270c3fd7afecdb556c50c9e8de78 -> 
  custom:audio-decoder-ogg-vorbis: bf7c407c2cedff20999df2af8eb42d56 -> 
========================================================================
Received Prepare
Registering precompiled user dll's ...
Registered in 0.013606 seconds.
Begin MonoManager ReloadAssembly
Native extension for WindowsStandalone target not found
Native extension for WebGL target not found
Refreshing native plugins compatible for Editor in 0.70 ms, found 1 plugins.
Preloading 0 native plugins for Editor in 0.00 ms.
Mono: successfully reloaded assembly
- Completed reload, in  0.672 seconds
Domain Reload Profiling:
	ReloadAssembly (673ms)
		BeginReloadAssembly (107ms)
			ExecutionOrderSort (0ms)
			DisableScriptedObjects (5ms)
			BackupInstance (0ms)
			ReleaseScriptingObjects (0ms)
			CreateAndSetChildDomain (20ms)
		EndReloadAssembly (479ms)
			LoadAssemblies (72ms)
			RebuildTransferFunctionScriptingTraits (0ms)
			SetupTypeCache (129ms)
			ReleaseScriptCaches (1ms)
			RebuildScriptCaches (29ms)
			SetupLoadedEditorAssemblies (214ms)
				LogAssemblyErrors (0ms)
				InitializePlatformSupportModulesInManaged (6ms)
				SetLoadedEditorAssemblies (1ms)
				RefreshPlugins (1ms)
				BeforeProcessingInitializeOnLoad (48ms)
				ProcessInitializeOnLoadAttributes (107ms)
				ProcessInitializeOnLoadMethodAttributes (44ms)
				AfterProcessingInitializeOnLoad (8ms)
				EditorAssembliesLoaded (0ms)
			ExecutionOrderSort2 (0ms)
			AwakeInstancesAfterBackupRestoration (5ms)
Platform modules already initialized, skipping
Refreshing native plugins compatible for Editor in 1.87 ms, found 1 plugins.
Preloading 0 native plugins for Editor in 0.00 ms.
Unloading 2143 Unused Serialized files (Serialized files now loaded: 0)
Unloading 27 unused Assets / (92.8 KB). Loaded Objects now: 3156.
Memory consumption went from 115.5 MB to 115.4 MB.
Total: 2.411500 ms (FindLiveObjects: 0.168300 ms CreateObjectMapping: 0.051400 ms MarkObjects: 2.159100 ms  DeleteObjects: 0.031100 ms)

AssetImportParameters requested are different than current active one (requested -> active):
  custom:video-decoder-ogg-theora: a1e56fd34408186e4bbccfd4996cb3dc -> 
  custom:container-muxer-webm: aa71ff27fc2769a1b78a27578f13a17b -> 
  custom:container-demuxer-webm: 4f35f7cbe854078d1ac9338744f61a02 -> 
  custom:video-encoder-webm-vp8: eb34c28f22e8b96e1ab97ce403110664 -> 
  custom:CustomObjectIndexerAttribute: bc11b3a6c3213fcdd17b65e7da85e133 -> 
  custom:audio-encoder-webm-vorbis: bf7c407c2cedff20999df2af8eb42d56 -> 
  custom:framework-win-MediaFoundation: 216162199b28c13a410421893ffa2e32 -> 
  custom:container-demuxer-ogg: 62fdf1f143b41e24485cea50d1cbac27 -> 
  custom:video-decoder-webm-vp8: 9c59270c3fd7afecdb556c50c9e8de78 -> 
  custom:audio-decoder-ogg-vorbis: bf7c407c2cedff20999df2af8eb42d56 -> 
========================================================================
Received Import Request.
  Time since last request: 57.479362 seconds.
  path: Assets/Prefabs/Enviroment/Tree/Tree01/Tree01_Size05_Brown.prefab
  artifactKey: Guid(52441c779d3e6be4b952faa85cc7ecdd) Importer(815301076,1909f56bfc062723c751e8b465ee728b)
Start importing Assets/Prefabs/Enviroment/Tree/Tree01/Tree01_Size05_Brown.prefab using Guid(52441c779d3e6be4b952faa85cc7ecdd) Importer(815301076,1909f56bfc062723c751e8b465ee728b)  -> (artifact id: '4d76f1d65af1b9325b34ab5ddda0a2a6') in 0.049996 seconds 
========================================================================
Received Import Request.
  Time since last request: 0.000029 seconds.
  path: Assets/Prefabs/Enviroment/Tree/Tree01/Tree01_Size05_NoLeaf.prefab
  artifactKey: Guid(abdc186e7a361f04682caae1d87c6fd7) Importer(815301076,1909f56bfc062723c751e8b465ee728b)
Start importing Assets/Prefabs/Enviroment/Tree/Tree01/Tree01_Size05_NoLeaf.prefab using Guid(abdc186e7a361f04682caae1d87c6fd7) Importer(815301076,1909f56bfc062723c751e8b465ee728b)  -> (artifact id: 'ee58332b6d364494cb03dfd2b2fdc2a3') in 0.008187 seconds 
========================================================================
Received Import Request.
  Time since last request: 0.000042 seconds.
  path: Assets/Prefabs/Enviroment/Tree/Tree01/Tree01_Size05_Red.prefab
  artifactKey: Guid(9ec43eb3a2b1a2f4a8f18aa4aeb8ff31) Importer(815301076,1909f56bfc062723c751e8b465ee728b)
Start importing Assets/Prefabs/Enviroment/Tree/Tree01/Tree01_Size05_Red.prefab using Guid(9ec43eb3a2b1a2f4a8f18aa4aeb8ff31) Importer(815301076,1909f56bfc062723c751e8b465ee728b)  -> (artifact id: '2df1ed734932ee6a50f08b72c36958d9') in 0.016697 seconds 
========================================================================
Received Import Request.
  Time since last request: 12.947274 seconds.
  path: Assets/Prefabs/Enviroment/Tree/Tree01/Tree01_Size05_Green.prefab
  artifactKey: Guid(5a258dd81dd4a0948b8eeef8876e53fd) Importer(815301076,1909f56bfc062723c751e8b465ee728b)
Start importing Assets/Prefabs/Enviroment/Tree/Tree01/Tree01_Size05_Green.prefab using Guid(5a258dd81dd4a0948b8eeef8876e53fd) Importer(815301076,1909f56bfc062723c751e8b465ee728b)  -> (artifact id: '2b3a57f10a9c7384545f950cd5d6c886') in 0.006636 seconds 
========================================================================
Received Import Request.
  Time since last request: 5.931736 seconds.
  path: Assets/Prefabs/Enviroment/Tree/Tree01/Tree01_Size05_Green.prefab
  artifactKey: Guid(5a258dd81dd4a0948b8eeef8876e53fd) Importer(815301076,1909f56bfc062723c751e8b465ee728b)
Start importing Assets/Prefabs/Enviroment/Tree/Tree01/Tree01_Size05_Green.prefab using Guid(5a258dd81dd4a0948b8eeef8876e53fd) Importer(815301076,1909f56bfc062723c751e8b465ee728b)  -> (artifact id: 'caa056346aaa27fc1af5198f52f6bdde') in 0.047242 seconds 
========================================================================
Received Import Request.
  Time since last request: 1.177530 seconds.
  path: Assets/Prefabs/Enviroment/Tree/Tree01/Tree01_Size05_Green.prefab
  artifactKey: Guid(5a258dd81dd4a0948b8eeef8876e53fd) Importer(815301076,1909f56bfc062723c751e8b465ee728b)
Start importing Assets/Prefabs/Enviroment/Tree/Tree01/Tree01_Size05_Green.prefab using Guid(5a258dd81dd4a0948b8eeef8876e53fd) Importer(815301076,1909f56bfc062723c751e8b465ee728b)  -> (artifact id: '45bb2faa9b20fa050907cc80665627d9') in 0.005777 seconds 
========================================================================
Received Import Request.
  Time since last request: 0.981992 seconds.
  path: Assets/Prefabs/Enviroment/Tree/Tree01/Tree01_Size05_Green.prefab
  artifactKey: Guid(5a258dd81dd4a0948b8eeef8876e53fd) Importer(815301076,1909f56bfc062723c751e8b465ee728b)
Start importing Assets/Prefabs/Enviroment/Tree/Tree01/Tree01_Size05_Green.prefab using Guid(5a258dd81dd4a0948b8eeef8876e53fd) Importer(815301076,1909f56bfc062723c751e8b465ee728b)  -> (artifact id: 'bb903e6be0319fcdb7821b355269bbd7') in 0.007290 seconds 
========================================================================
Received Import Request.
  Time since last request: 4.207968 seconds.
  path: Assets/Prefabs/Enviroment/Tree/Tree01/Tree01_Size05_Green.prefab
  artifactKey: Guid(5a258dd81dd4a0948b8eeef8876e53fd) Importer(815301076,1909f56bfc062723c751e8b465ee728b)
Start importing Assets/Prefabs/Enviroment/Tree/Tree01/Tree01_Size05_Green.prefab using Guid(5a258dd81dd4a0948b8eeef8876e53fd) Importer(815301076,1909f56bfc062723c751e8b465ee728b)  -> (artifact id: 'e206eb12ea618674846c0a43eab38d27') in 0.034248 seconds 
========================================================================
Received Import Request.
  Time since last request: 1.750536 seconds.
  path: Assets/Prefabs/Enviroment/Tree/Tree01/Tree01_Size05_Green.prefab
  artifactKey: Guid(5a258dd81dd4a0948b8eeef8876e53fd) Importer(815301076,1909f56bfc062723c751e8b465ee728b)
Start importing Assets/Prefabs/Enviroment/Tree/Tree01/Tree01_Size05_Green.prefab using Guid(5a258dd81dd4a0948b8eeef8876e53fd) Importer(815301076,1909f56bfc062723c751e8b465ee728b)  -> (artifact id: 'bee49263f8b7f75c7d62e99d37c21a8a') in 0.027867 seconds 
========================================================================
Received Import Request.
  Time since last request: 1.579952 seconds.
  path: Assets/Prefabs/Enviroment/Tree/Tree01/Tree01_Size05_Green.prefab
  artifactKey: Guid(5a258dd81dd4a0948b8eeef8876e53fd) Importer(815301076,1909f56bfc062723c751e8b465ee728b)
Start importing Assets/Prefabs/Enviroment/Tree/Tree01/Tree01_Size05_Green.prefab using Guid(5a258dd81dd4a0948b8eeef8876e53fd) Importer(815301076,1909f56bfc062723c751e8b465ee728b)  -> (artifact id: 'a6bc56415608ce7382e2cbffe56d0a4e') in 0.014131 seconds 
========================================================================
Received Prepare
Registering precompiled user dll's ...
Registered in 0.009281 seconds.
Begin MonoManager ReloadAssembly
Native extension for WindowsStandalone target not found
Native extension for WebGL target not found
Refreshing native plugins compatible for Editor in 0.72 ms, found 1 plugins.
Preloading 0 native plugins for Editor in 0.00 ms.
Mono: successfully reloaded assembly
- Completed reload, in  0.676 seconds
Domain Reload Profiling:
	ReloadAssembly (676ms)
		BeginReloadAssembly (102ms)
			ExecutionOrderSort (0ms)
			DisableScriptedObjects (4ms)
			BackupInstance (0ms)
			ReleaseScriptingObjects (0ms)
			CreateAndSetChildDomain (21ms)
		EndReloadAssembly (495ms)
			LoadAssemblies (66ms)
			RebuildTransferFunctionScriptingTraits (0ms)
			SetupTypeCache (134ms)
			ReleaseScriptCaches (1ms)
			RebuildScriptCaches (34ms)
			SetupLoadedEditorAssemblies (228ms)
				LogAssemblyErrors (0ms)
				InitializePlatformSupportModulesInManaged (6ms)
				SetLoadedEditorAssemblies (1ms)
				RefreshPlugins (1ms)
				BeforeProcessingInitializeOnLoad (52ms)
				ProcessInitializeOnLoadAttributes (113ms)
				ProcessInitializeOnLoadMethodAttributes (47ms)
				AfterProcessingInitializeOnLoad (8ms)
				EditorAssembliesLoaded (0ms)
			ExecutionOrderSort2 (0ms)
			AwakeInstancesAfterBackupRestoration (6ms)
Platform modules already initialized, skipping
Refreshing native plugins compatible for Editor in 1.94 ms, found 1 plugins.
Preloading 0 native plugins for Editor in 0.00 ms.
Unloading 2143 Unused Serialized files (Serialized files now loaded: 0)
Unloading 27 unused Assets / (92.7 KB). Loaded Objects now: 3171.
Memory consumption went from 115.5 MB to 115.4 MB.
Total: 2.160600 ms (FindLiveObjects: 0.167400 ms CreateObjectMapping: 0.054400 ms MarkObjects: 1.901800 ms  DeleteObjects: 0.035800 ms)

AssetImportParameters requested are different than current active one (requested -> active):
  custom:video-decoder-ogg-theora: a1e56fd34408186e4bbccfd4996cb3dc -> 
  custom:container-muxer-webm: aa71ff27fc2769a1b78a27578f13a17b -> 
  custom:container-demuxer-webm: 4f35f7cbe854078d1ac9338744f61a02 -> 
  custom:video-encoder-webm-vp8: eb34c28f22e8b96e1ab97ce403110664 -> 
  custom:CustomObjectIndexerAttribute: bc11b3a6c3213fcdd17b65e7da85e133 -> 
  custom:audio-encoder-webm-vorbis: bf7c407c2cedff20999df2af8eb42d56 -> 
  custom:framework-win-MediaFoundation: 216162199b28c13a410421893ffa2e32 -> 
  custom:container-demuxer-ogg: 62fdf1f143b41e24485cea50d1cbac27 -> 
  custom:video-decoder-webm-vp8: 9c59270c3fd7afecdb556c50c9e8de78 -> 
  custom:audio-decoder-ogg-vorbis: bf7c407c2cedff20999df2af8eb42d56 -> 
========================================================================
Received Import Request.
  Time since last request: 51.039961 seconds.
  path: Assets/QuantumRaven/Art/Enviroment/Trees/Tree01/Size5/Tree01_Size5_Green.png
  artifactKey: Guid(0fde8bd847a3a1944954e1371a95e319) Importer(815301076,1909f56bfc062723c751e8b465ee728b)
Start importing Assets/QuantumRaven/Art/Enviroment/Trees/Tree01/Size5/Tree01_Size5_Green.png using Guid(0fde8bd847a3a1944954e1371a95e319) Importer(815301076,1909f56bfc062723c751e8b465ee728b)  -> (artifact id: 'b6fc4a2d70a37430a80b31bca85b7b26') in 0.048163 seconds 
========================================================================
Received Prepare
Registering precompiled user dll's ...
Registered in 0.008519 seconds.
Begin MonoManager ReloadAssembly
Native extension for WindowsStandalone target not found
Native extension for WebGL target not found
Refreshing native plugins compatible for Editor in 0.68 ms, found 1 plugins.
Preloading 0 native plugins for Editor in 0.00 ms.
Mono: successfully reloaded assembly
- Completed reload, in  0.650 seconds
Domain Reload Profiling:
	ReloadAssembly (651ms)
		BeginReloadAssembly (100ms)
			ExecutionOrderSort (0ms)
			DisableScriptedObjects (5ms)
			BackupInstance (0ms)
			ReleaseScriptingObjects (0ms)
			CreateAndSetChildDomain (20ms)
		EndReloadAssembly (470ms)
			LoadAssemblies (64ms)
			RebuildTransferFunctionScriptingTraits (0ms)
			SetupTypeCache (122ms)
			ReleaseScriptCaches (1ms)
			RebuildScriptCaches (28ms)
			SetupLoadedEditorAssemblies (223ms)
				LogAssemblyErrors (0ms)
				InitializePlatformSupportModulesInManaged (5ms)
				SetLoadedEditorAssemblies (1ms)
				RefreshPlugins (1ms)
				BeforeProcessingInitializeOnLoad (52ms)
				ProcessInitializeOnLoadAttributes (106ms)
				ProcessInitializeOnLoadMethodAttributes (51ms)
				AfterProcessingInitializeOnLoad (8ms)
				EditorAssembliesLoaded (0ms)
			ExecutionOrderSort2 (0ms)
			AwakeInstancesAfterBackupRestoration (5ms)
Platform modules already initialized, skipping
Refreshing native plugins compatible for Editor in 1.85 ms, found 1 plugins.
Preloading 0 native plugins for Editor in 0.00 ms.
Unloading 2143 Unused Serialized files (Serialized files now loaded: 0)
Unloading 27 unused Assets / (92.7 KB). Loaded Objects now: 3186.
Memory consumption went from 115.5 MB to 115.4 MB.
Total: 2.261000 ms (FindLiveObjects: 0.168100 ms CreateObjectMapping: 0.059700 ms MarkObjects: 1.998500 ms  DeleteObjects: 0.033000 ms)

AssetImportParameters requested are different than current active one (requested -> active):
  custom:video-decoder-ogg-theora: a1e56fd34408186e4bbccfd4996cb3dc -> 
  custom:container-muxer-webm: aa71ff27fc2769a1b78a27578f13a17b -> 
  custom:container-demuxer-webm: 4f35f7cbe854078d1ac9338744f61a02 -> 
  custom:video-encoder-webm-vp8: eb34c28f22e8b96e1ab97ce403110664 -> 
  custom:CustomObjectIndexerAttribute: bc11b3a6c3213fcdd17b65e7da85e133 -> 
  custom:audio-encoder-webm-vorbis: bf7c407c2cedff20999df2af8eb42d56 -> 
  custom:framework-win-MediaFoundation: 216162199b28c13a410421893ffa2e32 -> 
  custom:container-demuxer-ogg: 62fdf1f143b41e24485cea50d1cbac27 -> 
  custom:video-decoder-webm-vp8: 9c59270c3fd7afecdb556c50c9e8de78 -> 
  custom:audio-decoder-ogg-vorbis: bf7c407c2cedff20999df2af8eb42d56 -> 
========================================================================
Received Import Request.
  Time since last request: 7.907171 seconds.
  path: Assets/QuantumRaven/Art/Enviroment/Trees/Tree01/Size5/Tree01_Size5_Green.png
  artifactKey: Guid(0fde8bd847a3a1944954e1371a95e319) Importer(815301076,1909f56bfc062723c751e8b465ee728b)
Start importing Assets/QuantumRaven/Art/Enviroment/Trees/Tree01/Size5/Tree01_Size5_Green.png using Guid(0fde8bd847a3a1944954e1371a95e319) Importer(815301076,1909f56bfc062723c751e8b465ee728b)  -> (artifact id: '3e6edf12049b72f6ed4ac1b68f2f2b44') in 0.060083 seconds 
========================================================================
Received Prepare
Registering precompiled user dll's ...
Registered in 0.008101 seconds.
Begin MonoManager ReloadAssembly
Native extension for WindowsStandalone target not found
Native extension for WebGL target not found
Refreshing native plugins compatible for Editor in 0.71 ms, found 1 plugins.
Preloading 0 native plugins for Editor in 0.00 ms.
Mono: successfully reloaded assembly
- Completed reload, in  0.637 seconds
Domain Reload Profiling:
	ReloadAssembly (638ms)
		BeginReloadAssembly (105ms)
			ExecutionOrderSort (0ms)
			DisableScriptedObjects (4ms)
			BackupInstance (0ms)
			ReleaseScriptingObjects (0ms)
			CreateAndSetChildDomain (24ms)
		EndReloadAssembly (453ms)
			LoadAssemblies (65ms)
			RebuildTransferFunctionScriptingTraits (0ms)
			SetupTypeCache (116ms)
			ReleaseScriptCaches (1ms)
			RebuildScriptCaches (30ms)
			SetupLoadedEditorAssemblies (210ms)
				LogAssemblyErrors (0ms)
				InitializePlatformSupportModulesInManaged (6ms)
				SetLoadedEditorAssemblies (0ms)
				RefreshPlugins (1ms)
				BeforeProcessingInitializeOnLoad (47ms)
				ProcessInitializeOnLoadAttributes (103ms)
				ProcessInitializeOnLoadMethodAttributes (44ms)
				AfterProcessingInitializeOnLoad (8ms)
				EditorAssembliesLoaded (0ms)
			ExecutionOrderSort2 (0ms)
			AwakeInstancesAfterBackupRestoration (5ms)
Platform modules already initialized, skipping
Refreshing native plugins compatible for Editor in 2.24 ms, found 1 plugins.
Preloading 0 native plugins for Editor in 0.00 ms.
Unloading 2143 Unused Serialized files (Serialized files now loaded: 0)
Unloading 27 unused Assets / (92.6 KB). Loaded Objects now: 3201.
Memory consumption went from 115.5 MB to 115.4 MB.
Total: 2.231700 ms (FindLiveObjects: 0.182900 ms CreateObjectMapping: 0.102200 ms MarkObjects: 1.912100 ms  DeleteObjects: 0.033600 ms)

AssetImportParameters requested are different than current active one (requested -> active):
  custom:video-decoder-ogg-theora: a1e56fd34408186e4bbccfd4996cb3dc -> 
  custom:container-muxer-webm: aa71ff27fc2769a1b78a27578f13a17b -> 
  custom:container-demuxer-webm: 4f35f7cbe854078d1ac9338744f61a02 -> 
  custom:video-encoder-webm-vp8: eb34c28f22e8b96e1ab97ce403110664 -> 
  custom:CustomObjectIndexerAttribute: bc11b3a6c3213fcdd17b65e7da85e133 -> 
  custom:audio-encoder-webm-vorbis: bf7c407c2cedff20999df2af8eb42d56 -> 
  custom:framework-win-MediaFoundation: 216162199b28c13a410421893ffa2e32 -> 
  custom:container-demuxer-ogg: 62fdf1f143b41e24485cea50d1cbac27 -> 
  custom:video-decoder-webm-vp8: 9c59270c3fd7afecdb556c50c9e8de78 -> 
  custom:audio-decoder-ogg-vorbis: bf7c407c2cedff20999df2af8eb42d56 -> 
========================================================================
Received Prepare
Registering precompiled user dll's ...
Registered in 0.007987 seconds.
Begin MonoManager ReloadAssembly
Native extension for WindowsStandalone target not found
Native extension for WebGL target not found
Refreshing native plugins compatible for Editor in 0.66 ms, found 1 plugins.
Preloading 0 native plugins for Editor in 0.00 ms.
Mono: successfully reloaded assembly
- Completed reload, in  0.648 seconds
Domain Reload Profiling:
	ReloadAssembly (649ms)
		BeginReloadAssembly (105ms)
			ExecutionOrderSort (0ms)
			DisableScriptedObjects (4ms)
			BackupInstance (0ms)
			ReleaseScriptingObjects (0ms)
			CreateAndSetChildDomain (20ms)
		EndReloadAssembly (461ms)
			LoadAssemblies (69ms)
			RebuildTransferFunctionScriptingTraits (0ms)
			SetupTypeCache (122ms)
			ReleaseScriptCaches (1ms)
			RebuildScriptCaches (29ms)
			SetupLoadedEditorAssemblies (214ms)
				LogAssemblyErrors (0ms)
				InitializePlatformSupportModulesInManaged (5ms)
				SetLoadedEditorAssemblies (0ms)
				RefreshPlugins (1ms)
				BeforeProcessingInitializeOnLoad (51ms)
				ProcessInitializeOnLoadAttributes (104ms)
				ProcessInitializeOnLoadMethodAttributes (45ms)
				AfterProcessingInitializeOnLoad (8ms)
				EditorAssembliesLoaded (0ms)
			ExecutionOrderSort2 (0ms)
			AwakeInstancesAfterBackupRestoration (5ms)
Platform modules already initialized, skipping
Refreshing native plugins compatible for Editor in 1.61 ms, found 1 plugins.
Preloading 0 native plugins for Editor in 0.00 ms.
Unloading 2143 Unused Serialized files (Serialized files now loaded: 0)
Unloading 27 unused Assets / (92.7 KB). Loaded Objects now: 3216.
Memory consumption went from 115.5 MB to 115.4 MB.
Total: 2.280100 ms (FindLiveObjects: 0.174500 ms CreateObjectMapping: 0.056200 ms MarkObjects: 2.013300 ms  DeleteObjects: 0.034300 ms)

AssetImportParameters requested are different than current active one (requested -> active):
  custom:video-decoder-ogg-theora: a1e56fd34408186e4bbccfd4996cb3dc -> 
  custom:container-muxer-webm: aa71ff27fc2769a1b78a27578f13a17b -> 
  custom:container-demuxer-webm: 4f35f7cbe854078d1ac9338744f61a02 -> 
  custom:video-encoder-webm-vp8: eb34c28f22e8b96e1ab97ce403110664 -> 
  custom:CustomObjectIndexerAttribute: bc11b3a6c3213fcdd17b65e7da85e133 -> 
  custom:audio-encoder-webm-vorbis: bf7c407c2cedff20999df2af8eb42d56 -> 
  custom:framework-win-MediaFoundation: 216162199b28c13a410421893ffa2e32 -> 
  custom:container-demuxer-ogg: 62fdf1f143b41e24485cea50d1cbac27 -> 
  custom:video-decoder-webm-vp8: 9c59270c3fd7afecdb556c50c9e8de78 -> 
  custom:audio-decoder-ogg-vorbis: bf7c407c2cedff20999df2af8eb42d56 -> 
========================================================================
Received Import Request.
  Time since last request: 92.528325 seconds.
  path: Assets/QuantumRaven/Art/Enviroment/Trees/Tree01/Size5
  artifactKey: Guid(dc24a85192d7d8f4d8a45f494254bdde) Importer(815301076,1909f56bfc062723c751e8b465ee728b)
Start importing Assets/QuantumRaven/Art/Enviroment/Trees/Tree01/Size5 using Guid(dc24a85192d7d8f4d8a45f494254bdde) Importer(815301076,1909f56bfc062723c751e8b465ee728b)  -> (artifact id: '977e48b050d0abf1e4813f91e52d8ecf') in 0.005802 seconds 
========================================================================
Received Import Request.
  Time since last request: 19.104492 seconds.
  path: Assets/Prefabs/Enviroment/Tree/Tree01/Tree01_Size05_Brown.prefab
  artifactKey: Guid(52441c779d3e6be4b952faa85cc7ecdd) Importer(815301076,1909f56bfc062723c751e8b465ee728b)
Start importing Assets/Prefabs/Enviroment/Tree/Tree01/Tree01_Size05_Brown.prefab using Guid(52441c779d3e6be4b952faa85cc7ecdd) Importer(815301076,1909f56bfc062723c751e8b465ee728b)  -> (artifact id: '1640257098ae6a4c346da498b65ec9f4') in 0.043697 seconds 
